1679754097395,1679754097467,1679754097502,1679754097642,72,107,247
1679754097649,1679754097697,1679754097728,1679754097767,48,79,118
1679754097773,1679754097822,1679754097854,1679754097892,49,81,119
1679754097899,1679754097948,1679754097981,1679754098020,49,82,121
1679754098026,1679754098075,1679754098107,1679754098146,49,81,120
1679754098152,1679754098201,1679754098233,1679754098374,49,81,222
1679754098381,1679754098430,1679754098462,1679754098499,49,81,118
1679754098506,1679754098556,1679754098587,1679754098626,50,81,120
1679754098632,1679754098682,1679754098713,1679754098750,50,81,118
1679754098757,1679754098805,1679754098838,1679754098877,48,81,120
1679754098883,1679754098932,1679754098965,1679754099003,49,82,120
1679754099009,1679754099059,1679754099091,1679754099130,50,82,121
1679754099136,1679754099185,1679754099217,1679754099358,49,81,222
1679754099365,1679754099414,1679754099445,1679754099483,49,80,118
1679754099489,1679754099538,1679754099570,1679754099609,49,81,120
1679754099615,1679754099664,1679754099696,1679754099733,49,81,118
1679754099740,1679754099789,1679754099821,1679754099970,49,81,230
1679754099976,1679754100026,1679754100057,1679754100095,50,81,119
1679754100102,1679754100150,1679754100182,1679754100221,48,80,119
1679754100227,1679754100277,1679754100309,1679754100346,50,82,119
1679754100352,1679754100401,1679754100433,1679754100471,49,81,119
1679754100477,1679754100527,1679754100559,1679754100598,50,82,121
1679754100604,1679754100654,1679754100686,1679754100725,50,82,121
1679754100731,1679754100781,1679754100813,1679754100852,50,82,121
1679754100858,1679754100908,1679754100939,1679754100977,50,81,119
1679754100983,1679754101032,1679754101064,1679754101102,49,81,119
1679754101108,1679754101158,1679754101190,1679754101228,50,82,120
1679754101235,1679754101284,1679754101316,1679754101353,49,81,118
1679754101360,1679754101409,1679754101440,1679754101478,49,80,118
1679754101484,1679754101534,1679754101566,1679754101708,50,82,224
1679754101715,1679754101764,1679754101795,1679754101834,49,80,119
1679754101840,1679754101890,1679754101921,1679754101959,50,81,119
1679754101965,1679754102015,1679754102046,1679754102083,50,81,118
1679754102089,1679754102139,1679754102170,1679754102208,50,81,119
1679754102214,1679754102264,1679754102296,1679754102334,50,82,120
1679754102340,1679754102389,1679754102421,1679754102458,49,81,118
1679754102464,1679754102514,1679754102546,1679754102585,50,82,121
1679754102591,1679754102640,1679754102672,1679754102814,49,81,223
1679754102821,1679754102872,1679754102903,1679754103048,51,82,227
1679754103054,1679754103103,1679754103135,1679754103278,49,81,224
1679754103284,1679754103334,1679754103366,1679754103403,50,82,119
1679754103409,1679754103458,1679754103490,1679754103528,49,81,119
1679754103534,1679754103584,1679754103615,1679754103653,50,81,119
1679754103659,1679754103709,1679754103740,1679754103778,50,81,119
1679754103784,1679754103833,1679754103864,1679754103902,49,80,118
1679754103909,1679754103958,1679754103990,1679754104028,49,81,119
1679754104035,1679754104084,1679754104115,1679754104153,49,80,118
1679754104159,1679754104209,1679754104240,1679754104278,50,81,119
1679754104284,1679754104334,1679754104367,1679754104405,50,83,121
1679754104412,1679754104461,1679754104493,1679754104635,49,81,223
1679754104641,1679754104691,1679754104724,1679754104761,50,83,120
1679754104767,1679754104817,1679754104849,1679754104887,50,82,120
1679754104894,1679754104943,1679754104975,1679754105014,49,81,120
1679754105020,1679754105069,1679754105101,1679754105138,49,81,118
1679754105145,1679754105194,1679754105226,1679754105264,49,81,119
1679754105270,1679754105320,1679754105352,1679754105495,50,82,225
1679754105502,1679754105551,1679754105582,1679754105620,49,80,118
1679754105626,1679754105675,1679754105706,1679754105745,49,80,119
1679754105751,1679754105800,1679754105832,1679754105870,49,81,119
1679754105876,1679754105926,1679754105957,1679754105995,50,81,119
1679754106002,1679754106051,1679754106082,1679754106120,49,80,118
1679754106127,1679754106176,1679754106207,1679754106245,49,80,118
1679754106251,1679754106301,1679754106332,1679754106477,50,81,226
1679754106483,1679754106533,1679754106564,1679754106601,50,81,118
1679754106608,1679754106657,1679754106688,1679754106726,49,80,118
1679754106733,1679754106782,1679754106814,1679754106852,49,81,119
1679754106858,1679754106907,1679754106938,1679754106976,49,80,118
1679754106982,1679754107032,1679754107063,1679754107101,50,81,119
1679754107107,1679754107156,1679754107188,1679754107225,49,81,118
1679754107232,1679754107281,1679754107312,1679754107350,49,80,118
1679754107356,1679754107405,1679754107437,1679754107475,49,81,119
1679754107481,1679754107530,1679754107561,1679754107599,49,80,118
1679754107606,1679754107655,1679754107687,1679754107725,49,81,119
1679754107731,1679754107781,1679754107812,1679754107849,50,81,118
1679754107856,1679754107905,1679754107936,1679754107974,49,80,118
1679754107980,1679754108030,1679754108061,1679754108099,50,81,119
1679754108106,1679754108155,1679754108186,1679754108328,49,80,222
1679754108334,1679754108384,1679754108415,1679754108453,50,81,119
1679754108459,1679754108508,1679754108541,1679754108579,49,82,120
1679754108585,1679754108635,1679754108666,1679754108704,50,81,119
1679754108710,1679754108759,1679754108791,1679754108829,49,81,119
1679754108835,1679754108884,1679754108915,1679754108953,49,80,118
1679754108959,1679754109008,1679754109040,1679754109078,49,81,119
1679754109084,1679754109133,1679754109164,1679754109202,49,80,118
1679754109208,1679754109257,1679754109289,1679754109327,49,81,119
1679754109333,1679754109382,1679754109413,1679754109451,49,80,118
1679754109457,1679754109506,1679754109538,1679754109577,49,81,120
1679754109583,1679754109632,1679754109663,1679754109702,49,80,119
1679754109708,1679754109757,1679754109789,1679754109827,49,81,119
1679754109833,1679754109883,1679754109914,1679754109952,50,81,119
1679754109958,1679754110007,1679754110039,1679754110077,49,81,119
1679754110083,1679754110133,1679754110165,1679754110202,50,82,119
1679754110209,1679754110258,1679754110289,1679754110328,49,80,119
1679754110334,1679754110385,1679754110416,1679754110454,51,82,120
1679754110461,1679754110510,1679754110541,1679754110579,49,80,118
1679754110585,1679754110635,1679754110666,1679754110704,50,81,119
1679754110710,1679754110759,1679754110791,1679754110829,49,81,119
1679754110835,1679754110885,1679754110916,1679754110955,50,81,120
1679754110961,1679754111010,1679754111041,1679754111079,49,80,118
1679754111086,1679754111135,1679754111167,1679754111204,49,81,118
1679754111211,1679754111260,1679754111292,1679754111333,49,81,122
1679754111339,1679754111388,1679754111420,1679754111458,49,81,119
1679754111464,1679754111513,1679754111544,1679754111582,49,80,118
1679754111588,1679754111637,1679754111669,1679754111706,49,81,118
1679754111713,1679754111762,1679754111792,1679754111831,49,79,118
1679754111837,1679754111887,1679754111918,1679754111956,50,81,119
1679754111962,1679754112012,1679754112043,1679754112081,50,81,119
1679754112087,1679754112136,1679754112168,1679754112206,49,81,119
1679754112212,1679754112262,1679754112293,1679754112332,50,81,120
1679754112338,1679754112388,1679754112420,1679754112458,50,82,120
1679754112464,1679754112514,1679754112545,1679754112584,50,81,120
1679754112590,1679754112639,1679754112670,1679754112708,49,80,118
1679754112715,1679754112764,1679754112795,1679754112834,49,80,119
1679754112840,1679754112890,1679754112921,1679754112959,50,81,119
1679754112965,1679754113014,1679754113046,1679754113084,49,81,119
1679754113090,1679754113139,1679754113171,1679754113209,49,81,119
1679754113215,1679754113264,1679754113296,1679754113334,49,81,119
1679754113340,1679754113389,1679754113421,1679754113459,49,81,119
1679754113465,1679754113514,1679754113546,1679754113583,49,81,118
1679754113590,1679754113639,1679754113671,1679754113709,49,81,119
1679754113715,1679754113764,1679754113796,1679754113834,49,81,119
1679754113840,1679754113889,1679754113921,1679754113959,49,81,119
1679754113965,1679754114014,1679754114046,1679754114084,49,81,119
1679754114090,1679754114139,1679754114171,1679754114208,49,81,118
1679754114214,1679754114263,1679754114293,1679754114333,49,79,119
1679754114339,1679754114389,1679754114420,1679754114459,50,81,120
1679754114465,1679754114513,1679754114545,1679754114583,48,80,118
1679754114589,1679754114639,1679754114671,1679754114710,50,82,121
1679754114716,1679754114765,1679754114797,1679754114838,49,81,122
1679754114844,1679754114893,1679754114925,1679754114963,49,81,119
1679754114969,1679754115018,1679754115050,1679754115089,49,81,120
1679754115095,1679754115144,1679754115176,1679754115214,49,81,119
1679754115220,1679754115269,1679754115301,1679754115340,49,81,120
1679754115346,1679754115396,1679754115428,1679754115466,50,82,120
1679754115473,1679754115522,1679754115554,1679754115697,49,81,224
1679754115704,1679754115752,1679754115784,1679754115822,48,80,118
1679754115828,1679754115877,1679754115909,1679754115947,49,81,119
1679754115953,1679754116002,1679754116033,1679754116072,49,80,119
1679754116078,1679754116127,1679754116159,1679754116197,49,81,119
1679754116203,1679754116253,1679754116284,1679754116321,50,81,118
1679754116328,1679754116377,1679754116408,1679754116446,49,80,118
1679754116452,1679754116501,1679754116532,1679754116571,49,80,119
1679754116577,1679754116626,1679754116658,1679754116799,49,81,222
1679754116806,1679754116856,1679754116888,1679754116926,50,82,120
1679754116933,1679754116983,1679754117015,1679754117053,50,82,120
1679754117060,1679754117109,1679754117141,1679754117179,49,81,119
1679754117185,1679754117235,1679754117266,1679754117304,50,81,119
1679754117310,1679754117361,1679754117393,1679754117431,51,83,121
1679754117437,1679754117486,1679754117518,1679754117661,49,81,224
1679754117668,1679754117717,1679754117749,1679754117787,49,81,119
1679754117794,1679754117842,1679754117874,1679754117912,48,80,118
1679754117918,1679754117967,1679754117999,1679754118037,49,81,119
1679754118043,1679754118093,1679754118125,1679754118163,50,82,120
1679754118170,1679754118219,1679754118251,1679754118289,49,81,119
1679754118295,1679754118345,1679754118376,1679754118521,50,81,226
1679754118527,1679754118577,1679754118608,1679754118646,50,81,119
1679754118652,1679754118702,1679754118734,1679754118877,50,82,225
1679754118884,1679754118933,1679754118964,1679754119002,49,80,118
1679754119009,1679754119058,1679754119089,1679754119127,49,80,118
1679754119133,1679754119183,1679754119214,1679754119252,50,81,119
1679754119258,1679754119307,1679754119339,1679754119377,49,81,119
1679754119383,1679754119432,1679754119464,1679754119607,49,81,224
1679754119614,1679754119664,1679754119696,1679754119734,50,82,120
1679754119740,1679754119789,1679754119820,1679754119858,49,80,118
1679754119865,1679754119914,1679754119945,1679754119984,49,80,119
1679754119990,1679754120040,1679754120072,1679754120109,50,82,119
1679754120115,1679754120166,1679754120198,1679754120235,51,83,120
1679754120241,1679754120290,1679754120322,1679754120360,49,81,119
1679754120367,1679754120416,1679754120448,1679754120485,49,81,118
1679754120491,1679754120541,1679754120572,1679754120610,50,81,119
1679754120616,1679754120666,1679754120697,1679754120736,50,81,120
1679754120742,1679754120791,1679754120823,1679754120860,49,81,118
1679754120866,1679754120916,1679754120947,1679754120985,50,81,119
1679754120991,1679754121040,1679754121072,1679754121109,49,81,118
1679754121115,1679754121164,1679754121196,1679754121234,49,81,119
1679754121240,1679754121290,1679754121323,1679754121361,50,83,121
1679754121368,1679754121417,1679754121448,1679754121486,49,80,118
1679754121492,1679754121541,1679754121573,1679754121610,49,81,118
1679754121617,1679754121666,1679754121698,1679754121736,49,81,119
1679754121742,1679754121792,1679754121823,1679754121860,50,81,118
1679754121867,1679754121915,1679754121947,1679754121985,48,80,118
1679754121991,1679754122040,1679754122072,1679754122109,49,81,118
1679754122115,1679754122164,1679754122196,1679754122234,49,81,119
1679754122240,1679754122289,1679754122321,1679754122464,49,81,224
1679754122471,1679754122520,1679754122551,1679754122589,49,80,118
1679754122595,1679754122644,1679754122676,1679754122714,49,81,119
1679754122720,1679754122768,1679754122800,1679754122839,48,80,119
1679754122845,1679754122894,1679754122926,1679754122964,49,81,119
1679754122970,1679754123019,1679754123051,1679754123088,49,81,118
1679754123094,1679754123143,1679754123175,1679754123213,49,81,119
1679754123219,1679754123269,1679754123301,1679754123339,50,82,120
1679754123346,1679754123395,1679754123426,1679754123463,49,80,117
1679754123469,1679754123519,1679754123550,1679754123588,50,81,119
1679754123594,1679754123645,1679754123675,1679754123713,51,81,119
1679754123719,1679754123769,1679754123800,1679754123839,50,81,120
1679754123845,1679754123894,1679754123925,1679754123963,49,80,118
1679754123970,1679754124019,1679754124051,1679754124089,49,81,119
1679754124095,1679754124144,1679754124176,1679754124214,49,81,119
1679754124220,1679754124270,1679754124301,1679754124340,50,81,120
1679754124346,1679754124395,1679754124427,1679754124465,49,81,119
1679754124471,1679754124520,1679754124551,1679754124589,49,80,118
1679754124595,1679754124644,1679754124676,1679754124713,49,81,118
1679754124720,1679754124770,1679754124802,1679754124840,50,82,120
1679754124846,1679754124896,1679754124929,1679754124967,50,83,121
1679754124974,1679754125023,1679754125055,1679754125093,49,81,119
1679754125099,1679754125148,1679754125179,1679754125216,49,80,117
1679754125222,1679754125271,1679754125303,1679754125341,49,81,119
1679754125348,1679754125397,1679754125429,1679754125467,49,81,119
1679754125474,1679754125522,1679754125554,1679754125592,48,80,118
1679754125598,1679754125647,1679754125679,1679754125717,49,81,119
1679754125723,1679754125772,1679754125804,1679754125842,49,81,119
1679754125848,1679754125900,1679754125932,1679754125970,52,84,122
1679754125977,1679754126026,1679754126057,1679754126095,49,80,118
1679754126101,1679754126151,1679754126182,1679754126220,50,81,119
1679754126226,1679754126276,1679754126307,1679754126345,50,81,119
1679754126351,1679754126400,1679754126431,1679754126470,49,80,119
1679754126476,1679754126525,1679754126557,1679754126595,49,81,119
1679754126601,1679754126650,1679754126681,1679754126719,49,80,118
1679754126725,1679754126775,1679754126806,1679754126844,50,81,119
1679754126850,1679754126900,1679754126931,1679754126969,50,81,119
1679754126975,1679754127024,1679754127056,1679754127094,49,81,119
1679754127100,1679754127149,1679754127179,1679754127219,49,79,119
1679754127225,1679754127275,1679754127306,1679754127345,50,81,120
1679754127351,1679754127400,1679754127432,1679754127470,49,81,119
1679754127476,1679754127525,1679754127555,1679754127594,49,79,118
1679754127600,1679754127649,1679754127680,1679754127718,49,80,118
1679754127724,1679754127773,1679754127804,1679754127842,49,80,118
1679754127849,1679754127898,1679754127929,1679754127967,49,80,118
1679754127973,1679754128023,1679754128054,1679754128092,50,81,119
1679754128098,1679754128147,1679754128178,1679754128216,49,80,118
1679754128223,1679754128272,1679754128304,1679754128342,49,81,119
1679754128348,1679754128397,1679754128429,1679754128466,49,81,118
1679754128472,1679754128522,1679754128553,1679754128591,50,81,119
1679754128597,1679754128647,1679754128679,1679754128822,50,82,225
1679754128829,1679754128878,1679754128910,1679754128948,49,81,119
1679754128954,1679754129003,1679754129036,1679754129074,49,82,120
1679754129080,1679754129129,1679754129161,1679754129199,49,81,119
1679754129205,1679754129255,1679754129287,1679754129325,50,82,120
1679754129331,1679754129381,1679754129412,1679754129450,50,81,119
1679754129456,1679754129505,1679754129537,1679754129576,49,81,120
1679754129582,1679754129632,1679754129664,1679754129703,50,82,121
1679754129709,1679754129758,1679754129789,1679754129828,49,80,119
1679754129834,1679754129883,1679754129914,1679754129952,49,80,118
1679754129958,1679754130008,1679754130039,1679754130078,50,81,120
1679754130084,1679754130133,1679754130165,1679754130203,49,81,119
1679754130209,1679754130258,1679754130290,1679754130328,49,81,119
1679754130335,1679754130384,1679754130415,1679754130454,49,80,119
1679754130460,1679754130509,1679754130540,1679754130578,49,80,118
1679754130584,1679754130634,1679754130665,1679754130703,50,81,119
1679754130709,1679754130758,1679754130790,1679754130828,49,81,119
1679754130834,1679754130883,1679754130914,1679754130952,49,80,118
1679754130959,1679754131008,1679754131039,1679754131180,49,80,221
1679754131187,1679754131236,1679754131268,1679754131307,49,81,120
1679754131313,1679754131362,1679754131394,1679754131432,49,81,119
1679754131438,1679754131488,1679754131519,1679754131558,50,81,120
1679754131564,1679754131614,1679754131645,1679754131683,50,81,119
1679754131689,1679754131739,1679754131770,1679754131808,50,81,119
1679754131814,1679754131864,1679754131897,1679754131935,50,83,121
1679754131941,1679754131990,1679754132022,1679754132163,49,81,222
1679754132170,1679754132219,1679754132251,1679754132289,49,81,119
1679754132295,1679754132345,1679754132378,1679754132416,50,83,121
1679754132422,1679754132471,1679754132503,1679754132541,49,81,119
1679754132547,1679754132597,1679754132628,1679754132666,50,81,119
1679754132672,1679754132721,1679754132753,1679754132790,49,81,118
1679754132797,1679754132846,1679754132877,1679754133022,49,80,225
1679754133028,1679754133078,1679754133110,1679754133149,50,82,121
1679754133155,1679754133204,1679754133236,1679754133274,49,81,119
1679754133280,1679754133330,1679754133361,1679754133399,50,81,119
1679754133405,1679754133455,1679754133486,1679754133524,50,81,119
1679754133530,1679754133579,1679754133610,1679754133648,49,80,118
1679754133655,1679754133703,1679754133735,1679754133773,48,80,118
1679754133779,1679754133828,1679754133860,1679754133899,49,81,120
1679754133905,1679754133954,1679754133986,1679754134023,49,81,118
1679754134029,1679754134079,1679754134111,1679754134149,50,82,120
1679754134155,1679754134204,1679754134235,1679754134273,49,80,118
1679754134279,1679754134328,1679754134359,1679754134397,49,80,118
1679754134403,1679754134452,1679754134484,1679754134521,49,81,118
1679754134527,1679754134577,1679754134608,1679754134646,50,81,119
1679754134653,1679754134702,1679754134733,1679754134771,49,80,118
1679754134777,1679754134825,1679754134857,1679754134895,48,80,118
1679754134901,1679754134950,1679754134982,1679754135020,49,81,119
1679754135026,1679754135075,1679754135107,1679754135145,49,81,119
1679754135151,1679754135200,1679754135232,1679754135269,49,81,118
1679754135276,1679754135325,1679754135356,1679754135395,49,80,119
1679754135401,1679754135450,1679754135481,1679754135519,49,80,118
1679754135525,1679754135574,1679754135605,1679754135643,49,80,118
1679754135649,1679754135698,1679754135730,1679754135768,49,81,119
1679754135774,1679754135823,1679754135855,1679754135892,49,81,118
1679754135898,1679754135948,1679754135979,1679754136123,50,81,225
1679754136130,1679754136179,1679754136210,1679754136248,49,80,118
1679754136254,1679754136303,1679754136334,1679754136373,49,80,119
1679754136379,1679754136428,1679754136460,1679754136497,49,81,118
1679754136504,1679754136553,1679754136585,1679754136623,49,81,119
1679754136629,1679754136678,1679754136710,1679754136748,49,81,119
1679754136754,1679754136803,1679754136835,1679754136872,49,81,118
1679754136878,1679754136928,1679754136961,1679754137000,50,83,122
1679754137006,1679754137055,1679754137087,1679754137125,49,81,119
1679754137131,1679754137181,1679754137212,1679754137250,50,81,119
1679754137257,1679754137306,1679754137337,1679754137376,49,80,119
1679754137382,1679754137431,1679754137463,1679754137501,49,81,119
1679754137507,1679754137556,1679754137587,1679754137625,49,80,118
1679754137631,1679754137681,1679754137712,1679754137750,50,81,119
1679754137756,1679754137805,1679754137836,1679754137874,49,80,118
1679754137880,1679754137930,1679754137961,1679754137998,50,81,118
1679754138004,1679754138054,1679754138085,1679754138123,50,81,119
1679754138129,1679754138178,1679754138210,1679754138248,49,81,119
1679754138254,1679754138303,1679754138335,1679754138373,49,81,119
1679754138379,1679754138428,1679754138460,1679754138499,49,81,120
1679754138505,1679754138554,1679754138585,1679754138623,49,80,118
1679754138630,1679754138679,1679754138711,1679754138749,49,81,119
1679754138755,1679754138804,1679754138836,1679754138874,49,81,119
1679754138880,1679754138929,1679754138961,1679754138999,49,81,119
1679754139005,1679754139055,1679754139086,1679754139125,50,81,120
1679754139131,1679754139180,1679754139212,1679754139250,49,81,119
1679754139257,1679754139305,1679754139337,1679754139375,48,80,118
1679754139381,1679754139430,1679754139462,1679754139500,49,81,119
1679754139506,1679754139557,1679754139588,1679754139627,51,82,121
1679754139633,1679754139683,1679754139714,1679754139751,50,81,118
1679754139758,1679754139807,1679754139839,1679754139876,49,81,118
1679754139882,1679754139931,1679754139963,1679754140002,49,81,120
1679754140008,1679754140057,1679754140089,1679754140127,49,81,119
1679754140133,1679754140182,1679754140213,1679754140251,49,80,118
1679754140257,1679754140306,1679754140338,1679754140376,49,81,119
1679754140382,1679754140431,1679754140462,1679754140500,49,80,118
1679754140506,1679754140556,1679754140587,1679754140624,50,81,118
1679754140631,1679754140679,1679754140711,1679754140749,48,80,118
1679754140755,1679754140804,1679754140836,1679754140874,49,81,119
1679754140881,1679754140930,1679754140962,1679754141000,49,81,119
1679754141006,1679754141056,1679754141087,1679754141125,50,81,119
1679754141131,1679754141180,1679754141211,1679754141250,49,80,119
1679754141256,1679754141305,1679754141336,1679754141375,49,80,119
1679754141381,1679754141430,1679754141462,1679754141500,49,81,119
1679754141506,1679754141555,1679754141587,1679754141625,49,81,119
1679754141631,1679754141680,1679754141711,1679754141749,49,80,118
1679754141755,1679754141804,1679754141835,1679754141873,49,80,118
1679754141880,1679754141929,1679754141961,1679754141999,49,81,119
1679754142005,1679754142054,1679754142085,1679754142124,49,80,119
1679754142130,1679754142179,1679754142211,1679754142248,49,81,118
1679754142255,1679754142304,1679754142335,1679754142373,49,80,118
1679754142380,1679754142429,1679754142461,1679754142499,49,81,119
1679754142505,1679754142554,1679754142586,1679754142624,49,81,119
1679754142630,1679754142679,1679754142711,1679754142749,49,81,119
1679754142755,1679754142804,1679754142835,1679754142873,49,80,118
1679754142879,1679754142928,1679754142960,1679754142998,49,81,119
1679754143004,1679754143055,1679754143086,1679754143125,51,82,121
1679754143131,1679754143181,1679754143212,1679754143249,50,81,118
1679754143256,1679754143305,1679754143336,1679754143374,49,80,118
1679754143380,1679754143429,1679754143461,1679754143498,49,81,118
1679754143504,1679754143554,1679754143586,1679754143623,50,82,119
1679754143629,1679754143679,1679754143711,1679754143749,50,82,120
1679754143755,1679754143805,1679754143837,1679754143874,50,82,119
1679754143881,1679754143930,1679754143961,1679754143999,49,80,118
1679754144005,1679754144055,1679754144086,1679754144125,50,81,120
1679754144131,1679754144181,1679754144212,1679754144251,50,81,120
1679754144257,1679754144307,1679754144338,1679754144377,50,81,120
1679754144383,1679754144432,1679754144464,1679754144501,49,81,118
1679754144508,1679754144557,1679754144589,1679754144628,49,81,120
1679754144634,1679754144684,1679754144715,1679754144753,50,81,119
1679754144759,1679754144809,1679754144841,1679754144879,50,82,120
1679754144885,1679754144935,1679754144966,1679754145003,50,81,118
1679754145009,1679754145059,1679754145090,1679754145128,50,81,119
1679754145134,1679754145183,1679754145215,1679754145253,49,81,119
1679754145260,1679754145308,1679754145340,1679754145378,48,80,118
1679754145384,1679754145433,1679754145464,1679754145502,49,80,118
1679754145509,1679754145558,1679754145590,1679754145629,49,81,120
1679754145635,1679754145685,1679754145716,1679754145754,50,81,119
1679754145760,1679754145810,1679754145841,1679754145879,50,81,119
1679754145885,1679754145934,1679754145965,1679754146004,49,80,119
1679754146010,1679754146060,1679754146092,1679754146131,50,82,121
1679754146137,1679754146186,1679754146218,1679754146256,49,81,119
1679754146262,1679754146312,1679754146343,1679754146488,50,81,226
1679754146494,1679754146545,1679754146577,1679754146720,51,83,226
1679754146727,1679754146777,1679754146808,1679754146952,50,81,225
1679754146959,1679754147008,1679754147039,1679754147078,49,80,119
1679754147084,1679754147133,1679754147165,1679754147202,49,81,118
1679754147208,1679754147258,1679754147289,1679754147328,50,81,120
1679754147334,1679754147383,1679754147414,1679754147452,49,80,118
1679754147458,1679754147507,1679754147538,1679754147577,49,80,119
1679754147583,1679754147633,1679754147664,1679754147701,50,81,118
1679754147707,1679754147757,1679754147789,1679754147827,50,82,120
1679754147833,1679754147882,1679754147914,1679754147951,49,81,118
1679754147958,1679754148007,1679754148039,1679754148077,49,81,119
1679754148083,1679754148132,1679754148163,1679754148202,49,80,119
1679754148208,1679754148257,1679754148289,1679754148326,49,81,118
1679754148332,1679754148382,1679754148413,1679754148450,50,81,118
1679754148457,1679754148506,1679754148537,1679754148679,49,80,222
1679754148686,1679754148735,1679754148766,1679754148910,49,80,224
1679754148917,1679754148966,1679754148998,1679754149035,49,81,118
1679754149041,1679754149090,1679754149121,1679754149159,49,80,118
1679754149166,1679754149214,1679754149246,1679754149283,48,80,117
1679754149289,1679754149338,1679754149370,1679754149408,49,81,119
1679754149414,1679754149463,1679754149494,1679754149533,49,80,119
1679754149539,1679754149588,1679754149619,1679754149657,49,80,118
1679754149664,1679754149713,1679754149745,1679754149784,49,81,120
1679754149790,1679754149840,1679754149871,1679754149908,50,81,118
1679754149915,1679754149964,1679754149997,1679754150034,49,82,119
1679754150040,1679754150091,1679754150123,1679754150161,51,83,121
1679754150167,1679754150216,1679754150247,1679754150286,49,80,119
1679754150292,1679754150341,1679754150372,1679754150410,49,80,118
1679754150417,1679754150466,1679754150498,1679754150535,49,81,118
1679754150541,1679754150591,1679754150622,1679754150660,50,81,119
1679754150667,1679754150716,1679754150746,1679754150785,49,79,118
1679754150791,1679754150841,1679754150873,1679754150911,50,82,120
1679754150917,1679754150966,1679754150997,1679754151035,49,80,118
1679754151042,1679754151091,1679754151123,1679754151161,49,81,119
1679754151167,1679754151217,1679754151248,1679754151285,50,81,118
1679754151291,1679754151342,1679754151373,1679754151412,51,82,121
1679754151418,1679754151467,1679754151499,1679754151536,49,81,118
1679754151543,1679754151592,1679754151623,1679754151660,49,80,117
1679754151666,1679754151715,1679754151747,1679754151785,49,81,119
1679754151791,1679754151840,1679754151872,1679754151910,49,81,119
1679754151916,1679754151965,1679754151997,1679754152035,49,81,119
1679754152041,1679754152090,1679754152121,1679754152160,49,80,119
1679754152166,1679754152216,1679754152248,1679754152286,50,82,120
1679754152292,1679754152341,1679754152373,1679754152411,49,81,119
1679754152417,1679754152467,1679754152498,1679754152536,50,81,119
1679754152543,1679754152592,1679754152624,1679754152662,49,81,119
1679754152668,1679754152717,1679754152748,1679754152787,49,80,119
1679754152793,1679754152842,1679754152873,1679754152912,49,80,119
1679754152918,1679754152967,1679754152998,1679754153036,49,80,118
1679754153043,1679754153091,1679754153123,1679754153162,48,80,119
1679754153168,1679754153218,1679754153249,1679754153287,50,81,119
1679754153293,1679754153342,1679754153374,1679754153411,49,81,118
1679754153417,1679754153467,1679754153498,1679754153536,50,81,119
1679754153542,1679754153593,1679754153626,1679754153663,51,84,121
1679754153670,1679754153719,1679754153750,1679754153788,49,80,118
1679754153794,1679754153843,1679754153875,1679754153914,49,81,120
1679754153920,1679754153969,1679754154001,1679754154039,49,81,119
1679754154045,1679754154094,1679754154126,1679754154163,49,81,118
1679754154170,1679754154218,1679754154250,1679754154288,48,80,118
1679754154294,1679754154344,1679754154375,1679754154413,50,81,119
1679754154419,1679754154468,1679754154500,1679754154538,49,81,119
1679754154544,1679754154593,1679754154625,1679754154663,49,81,119
1679754154669,1679754154718,1679754154749,1679754154788,49,80,119
1679754154794,1679754154843,1679754154874,1679754154913,49,80,119
1679754154919,1679754154968,1679754155000,1679754155039,49,81,120
1679754155045,1679754155094,1679754155126,1679754155164,49,81,119
1679754155170,1679754155220,1679754155251,1679754155394,50,81,224
1679754155401,1679754155450,1679754155482,1679754155519,49,81,118
1679754155526,1679754155575,1679754155606,1679754155644,49,80,118
1679754155650,1679754155700,1679754155731,1679754155769,50,81,119
1679754155776,1679754155825,1679754155856,1679754155894,49,80,118
1679754155900,1679754155949,1679754155981,1679754156019,49,81,119
1679754156025,1679754156074,1679754156106,1679754156144,49,81,119
1679754156150,1679754156199,1679754156231,1679754156268,49,81,118
1679754156274,1679754156324,1679754156355,1679754156393,50,81,119
1679754156400,1679754156449,1679754156481,1679754156519,49,81,119
1679754156526,1679754156575,1679754156606,1679754156644,49,80,118
1679754156650,1679754156700,1679754156732,1679754156770,50,82,120
1679754156776,1679754156825,1679754156857,1679754156894,49,81,118
1679754156901,1679754156951,1679754156982,1679754157020,50,81,119
1679754157026,1679754157075,1679754157107,1679754157145,49,81,119
1679754157151,1679754157201,1679754157232,1679754157270,50,81,119
1679754157276,1679754157326,1679754157357,1679754157395,50,81,119
1679754157401,1679754157450,1679754157482,1679754157520,49,81,119
1679754157526,1679754157575,1679754157607,1679754157645,49,81,119
1679754157651,1679754157700,1679754157731,1679754157769,49,80,118
1679754157775,1679754157824,1679754157855,1679754157893,49,80,118
1679754157899,1679754157948,1679754157980,1679754158018,49,81,119
1679754158024,1679754158073,1679754158103,1679754158141,49,79,117
1679754158148,1679754158197,1679754158228,1679754158267,49,80,119
1679754158273,1679754158322,1679754158353,1679754158391,49,80,118
1679754158398,1679754158447,1679754158479,1679754158517,49,81,119
1679754158523,1679754158572,1679754158604,1679754158642,49,81,119
1679754158648,1679754158698,1679754158729,1679754158767,50,81,119
1679754158773,1679754158822,1679754158854,1679754158891,49,81,118
1679754158897,1679754158947,1679754158977,1679754159016,50,80,119
1679754159023,1679754159072,1679754159104,1679754159141,49,81,118
1679754159148,1679754159197,1679754159229,1679754159267,49,81,119
1679754159273,1679754159322,1679754159353,1679754159391,49,80,118
1679754159397,1679754159446,1679754159477,1679754159515,49,80,118
1679754159521,1679754159570,1679754159602,1679754159640,49,81,119
1679754159647,1679754159697,1679754159728,1679754159766,50,81,119
1679754159772,1679754159821,1679754159852,1679754159890,49,80,118
1679754159896,1679754159946,1679754159977,1679754160015,50,81,119
1679754160022,1679754160071,1679754160103,1679754160141,49,81,119
1679754160147,1679754160197,1679754160228,1679754160267,50,81,120
1679754160273,1679754160322,1679754160353,1679754160391,49,80,118
1679754160398,1679754160448,1679754160481,1679754160519,50,83,121
1679754160525,1679754160574,1679754160605,1679754160644,49,80,119
1679754160650,1679754160699,1679754160730,1679754160767,49,80,117
1679754160773,1679754160823,1679754160854,1679754160892,50,81,119
1679754160899,1679754160947,1679754160979,1679754161017,48,80,118
1679754161023,1679754161073,1679754161105,1679754161247,50,82,224
1679754161254,1679754161303,1679754161334,1679754161373,49,80,119
1679754161380,1679754161428,1679754161459,1679754161498,48,79,118
1679754161504,1679754161552,1679754161584,1679754161622,48,80,118
1679754161628,1679754161677,1679754161707,1679754161747,49,79,119
1679754161753,1679754161802,1679754161834,1679754161872,49,81,119
1679754161879,1679754161928,1679754161960,1679754161997,49,81,118
1679754162003,1679754162052,1679754162083,1679754162121,49,80,118
1679754162127,1679754162177,1679754162208,1679754162246,50,81,119
1679754162253,1679754162302,1679754162332,1679754162370,49,79,117
1679754162376,1679754162425,1679754162457,1679754162600,49,81,224
1679754162607,1679754162656,1679754162688,1679754162725,49,81,118
1679754162732,1679754162781,1679754162812,1679754162851,49,80,119
1679754162857,1679754162906,1679754162938,1679754162976,49,81,119
1679754162982,1679754163031,1679754163062,1679754163100,49,80,118
1679754163106,1679754163155,1679754163186,1679754163224,49,80,118
1679754163231,1679754163280,1679754163311,1679754163349,49,80,118
1679754163355,1679754163404,1679754163435,1679754163473,49,80,118
1679754163479,1679754163529,1679754163561,1679754163599,50,82,120
1679754163605,1679754163655,1679754163686,1679754163724,50,81,119
1679754163731,1679754163780,1679754163812,1679754163850,49,81,119
1679754163857,1679754163906,1679754163938,1679754163977,49,81,120
1679754163984,1679754164033,1679754164064,1679754164102,49,80,118
1679754164108,1679754164157,1679754164189,1679754164227,49,81,119
1679754164233,1679754164282,1679754164314,1679754164352,49,81,119
1679754164359,1679754164408,1679754164440,1679754164477,49,81,118
1679754164484,1679754164533,1679754164565,1679754164603,49,81,119
1679754164609,1679754164658,1679754164689,1679754164727,49,80,118
1679754164733,1679754164782,1679754164813,1679754164852,49,80,119
1679754164858,1679754164907,1679754164938,1679754164976,49,80,118
1679754164982,1679754165031,1679754165062,1679754165100,49,80,118
1679754165107,1679754165156,1679754165187,1679754165225,49,80,118
1679754165231,1679754165281,1679754165312,1679754165351,50,81,120
1679754165357,1679754165406,1679754165437,1679754165475,49,80,118
1679754165482,1679754165530,1679754165562,1679754165601,48,80,119
1679754165607,1679754165656,1679754165687,1679754165725,49,80,118
1679754165731,1679754165781,1679754165812,1679754165850,50,81,119
1679754165857,1679754165906,1679754165938,1679754165975,49,81,118
1679754165981,1679754166031,1679754166062,1679754166100,50,81,119
1679754166106,1679754166155,1679754166186,1679754166224,49,80,118
1679754166230,1679754166280,1679754166311,1679754166349,50,81,119
1679754166356,1679754166404,1679754166434,1679754166472,48,78,116
1679754166479,1679754166528,1679754166560,1679754166598,49,81,119
1679754166605,1679754166654,1679754166686,1679754166723,49,81,118
1679754166730,1679754166779,1679754166810,1679754166953,49,80,223
1679754166959,1679754167008,1679754167040,1679754167078,49,81,119
1679754167084,1679754167134,1679754167166,1679754167203,50,82,119
1679754167210,1679754167260,1679754167291,1679754167329,50,81,119
1679754167335,1679754167384,1679754167416,1679754167453,49,81,118
1679754167460,1679754167509,1679754167540,1679754167579,49,80,119
1679754167585,1679754167636,1679754167667,1679754167705,51,82,120
1679754167711,1679754167761,1679754167792,1679754167830,50,81,119
1679754167837,1679754167886,1679754167918,1679754168061,49,81,224
1679754168068,1679754168117,1679754168148,1679754168186,49,80,118
1679754168192,1679754168242,1679754168273,1679754168311,50,81,119
1679754168317,1679754168367,1679754168398,1679754168436,50,81,119
1679754168442,1679754168492,1679754168523,1679754168561,50,81,119
1679754168567,1679754168616,1679754168648,1679754168686,49,81,119
1679754168692,1679754168742,1679754168773,1679754168811,50,81,119
1679754168818,1679754168867,1679754168898,1679754168936,49,80,118
1679754168942,1679754168991,1679754169023,1679754169061,49,81,119
1679754169067,1679754169116,1679754169147,1679754169185,49,80,118
1679754169192,1679754169240,1679754169271,1679754169310,48,79,118
1679754169316,1679754169365,1679754169397,1679754169435,49,81,119
1679754169441,1679754169490,1679754169522,1679754169560,49,81,119
1679754169566,1679754169615,1679754169647,1679754169685,49,81,119
1679754169691,1679754169741,1679754169771,1679754169809,50,80,118
1679754169816,1679754169865,1679754169897,1679754169935,49,81,119
1679754169942,1679754169991,1679754170022,1679754170061,49,80,119
1679754170067,1679754170116,1679754170148,1679754170186,49,81,119
1679754170192,1679754170241,1679754170272,1679754170310,49,80,118
1679754170316,1679754170365,1679754170397,1679754170435,49,81,119
1679754170441,1679754170490,1679754170521,1679754170560,49,80,119
1679754170566,1679754170616,1679754170647,1679754170685,50,81,119
1679754170691,1679754170740,1679754170772,1679754170810,49,81,119
1679754170816,1679754170866,1679754170898,1679754170936,50,82,120
1679754170942,1679754170993,1679754171024,1679754171062,51,82,120
1679754171068,1679754171118,1679754171149,1679754171187,50,81,119
1679754171193,1679754171242,1679754171274,1679754171312,49,81,119
1679754171319,1679754171368,1679754171399,1679754171437,49,80,118
1679754171443,1679754171493,1679754171524,1679754171562,50,81,119
1679754171568,1679754171618,1679754171649,1679754171687,50,81,119
1679754171693,1679754171742,1679754171774,1679754171811,49,81,118
1679754171818,1679754171867,1679754171899,1679754171937,49,81,119
1679754171943,1679754171992,1679754172024,1679754172062,49,81,119
1679754172068,1679754172117,1679754172148,1679754172186,49,80,118
1679754172192,1679754172241,1679754172273,1679754172311,49,81,119
1679754172317,1679754172367,1679754172399,1679754172437,50,82,120
1679754172443,1679754172492,1679754172523,1679754172561,49,80,118
1679754172568,1679754172617,1679754172649,1679754172687,49,81,119
1679754172693,1679754172742,1679754172774,1679754172811,49,81,118
1679754172817,1679754172867,1679754172898,1679754172936,50,81,119
1679754172942,1679754172992,1679754173023,1679754173061,50,81,119
1679754173068,1679754173117,1679754173148,1679754173186,49,80,118
1679754173192,1679754173241,1679754173273,1679754173311,49,81,119
1679754173317,1679754173366,1679754173398,1679754173436,49,81,119
1679754173442,1679754173492,1679754173523,1679754173561,50,81,119
1679754173568,1679754173617,1679754173648,1679754173687,49,80,119
1679754173693,1679754173742,1679754173774,1679754173811,49,81,118
1679754173818,1679754173867,1679754173898,1679754173936,49,80,118
1679754173942,1679754173991,1679754174023,1679754174060,49,81,118
1679754174066,1679754174116,1679754174147,1679754174185,50,81,119
1679754174191,1679754174241,1679754174272,1679754174310,50,81,119
1679754174317,1679754174366,1679754174397,1679754174435,49,80,118
1679754174442,1679754174493,1679754174525,1679754174562,51,83,120
1679754174569,1679754174619,1679754174651,1679754174688,50,82,119
1679754174695,1679754174743,1679754174775,1679754174813,48,80,118
1679754174819,1679754174869,1679754174901,1679754174939,50,82,120
1679754174946,1679754174995,1679754175027,1679754175169,49,81,223
1679754175176,1679754175225,1679754175256,1679754175294,49,80,118
1679754175300,1679754175350,1679754175381,1679754175419,50,81,119
1679754175425,1679754175474,1679754175505,1679754175543,49,80,118
1679754175549,1679754175599,1679754175631,1679754175669,50,82,120
1679754175675,1679754175725,1679754175756,1679754175795,50,81,120
1679754175801,1679754175850,1679754175882,1679754175919,49,81,118
1679754175925,1679754175974,1679754176005,1679754176043,49,80,118
1679754176050,1679754176099,1679754176131,1679754176168,49,81,118
1679754176174,1679754176223,1679754176255,1679754176293,49,81,119
1679754176299,1679754176349,1679754176380,1679754176418,50,81,119
1679754176424,1679754176473,1679754176505,1679754176542,49,81,118
1679754176549,1679754176598,1679754176630,1679754176773,49,81,224
1679754176779,1679754176829,1679754176860,1679754177003,50,81,224
1679754177009,1679754177058,1679754177090,1679754177128,49,81,119
1679754177134,1679754177184,1679754177215,1679754177253,50,81,119
1679754177260,1679754177309,1679754177340,1679754177378,49,80,118
1679754177384,1679754177434,1679754177465,1679754177503,50,81,119
1679754177510,1679754177559,1679754177590,1679754177628,49,80,118
1679754177635,1679754177684,1679754177716,1679754177859,49,81,224
1679754177866,1679754177915,1679754177946,1679754177984,49,80,118
1679754177990,1679754178039,1679754178070,1679754178109,49,80,119
1679754178116,1679754178165,1679754178196,1679754178234,49,80,118
1679754178240,1679754178290,1679754178321,1679754178359,50,81,119
1679754178365,1679754178415,1679754178446,1679754178589,50,81,224
1679754178596,1679754178646,1679754178678,1679754178716,50,82,120
1679754178722,1679754178772,1679754178803,1679754178841,50,81,119
1679754178848,1679754178897,1679754178928,1679754178966,49,80,118
1679754178973,1679754179022,1679754179053,1679754179091,49,80,118
1679754179097,1679754179146,1679754179178,1679754179215,49,81,118
1679754179222,1679754179271,1679754179302,1679754179341,49,80,119
1679754179347,1679754179396,1679754179427,1679754179465,49,80,118
1679754179471,1679754179520,1679754179551,1679754179589,49,80,118
1679754179595,1679754179645,1679754179677,1679754179715,50,82,120
1679754179721,1679754179771,1679754179802,1679754179840,50,81,119
1679754179846,1679754179896,1679754179928,1679754180072,50,82,226
1679754180078,1679754180128,1679754180159,1679754180197,50,81,119
1679754180203,1679754180252,1679754180283,1679754180321,49,80,118
1679754180328,1679754180377,1679754180408,1679754180445,49,80,117
1679754180451,1679754180501,1679754180532,1679754180570,50,81,119
1679754180577,1679754180626,1679754180658,1679754180695,49,81,118
1679754180702,1679754180751,1679754180782,1679754180820,49,80,118
1679754180826,1679754180876,1679754180907,1679754180945,50,81,119
1679754180952,1679754181001,1679754181032,1679754181070,49,80,118
1679754181076,1679754181126,1679754181159,1679754181197,50,83,121
1679754181203,1679754181252,1679754181283,1679754181322,49,80,119
1679754181328,1679754181377,1679754181408,1679754181445,49,80,117
1679754181451,1679754181502,1679754181534,1679754181572,51,83,121
1679754181579,1679754181628,1679754181660,1679754181698,49,81,119
1679754181704,1679754181753,1679754181785,1679754181822,49,81,118
1679754181829,1679754181879,1679754181910,1679754181948,50,81,119
1679754181954,1679754182003,1679754182035,1679754182073,49,81,119
1679754182080,1679754182129,1679754182160,1679754182200,49,80,120
1679754182206,1679754182256,1679754182287,1679754182430,50,81,224
1679754182437,1679754182486,1679754182517,1679754182555,49,80,118
1679754182562,1679754182610,1679754182640,1679754182680,48,78,118
1679754182686,1679754182736,1679754182767,1679754182805,50,81,119
1679754182811,1679754182861,1679754182894,1679754182932,50,83,121
1679754182938,1679754182988,1679754183019,1679754183057,50,81,119
1679754183063,1679754183113,1679754183144,1679754183182,50,81,119
1679754183188,1679754183237,1679754183269,1679754183307,49,81,119
1679754183313,1679754183363,1679754183394,1679754183432,50,81,119
1679754183438,1679754183488,1679754183519,1679754183557,50,81,119
1679754183564,1679754183613,1679754183645,1679754183683,49,81,119
1679754183689,1679754183739,1679754183770,1679754183808,50,81,119
1679754183815,1679754183864,1679754183896,1679754183934,49,81,119
1679754183940,1679754183990,1679754184021,1679754184059,50,81,119
1679754184065,1679754184115,1679754184146,1679754184184,50,81,119
1679754184190,1679754184239,1679754184270,1679754184308,49,80,118
1679754184314,1679754184364,1679754184396,1679754184433,50,82,119
1679754184439,1679754184488,1679754184518,1679754184557,49,79,118
1679754184564,1679754184613,1679754184645,1679754184786,49,81,222
1679754184793,1679754184842,1679754184873,1679754184911,49,80,118
1679754184917,1679754184967,1679754185000,1679754185040,50,83,123
1679754185046,1679754185095,1679754185127,1679754185165,49,81,119
1679754185171,1679754185220,1679754185251,1679754185289,49,80,118
1679754185295,1679754185344,1679754185376,1679754185413,49,81,118
1679754185420,1679754185469,1679754185501,1679754185538,49,81,118
1679754185544,1679754185594,1679754185625,1679754185663,50,81,119
1679754185670,1679754185719,1679754185750,1679754185788,49,80,118
1679754185794,1679754185843,1679754185875,1679754185913,49,81,119
1679754185920,1679754185969,1679754186000,1679754186038,49,80,118
1679754186044,1679754186094,1679754186126,1679754186164,50,82,120
1679754186170,1679754186220,1679754186251,1679754186289,50,81,119
1679754186295,1679754186344,1679754186376,1679754186413,49,81,118
1679754186419,1679754186468,1679754186500,1679754186538,49,81,119
1679754186544,1679754186593,1679754186625,1679754186663,49,81,119
1679754186669,1679754186718,1679754186750,1679754186788,49,81,119
1679754186794,1679754186844,1679754186875,1679754186913,50,81,119
1679754186919,1679754186968,1679754186999,1679754187037,49,80,118
1679754187043,1679754187093,1679754187124,1679754187162,50,81,119
1679754187169,1679754187218,1679754187249,1679754187287,49,80,118
1679754187293,1679754187342,1679754187373,1679754187411,49,80,118
1679754187417,1679754187466,1679754187498,1679754187537,49,81,120
1679754187543,1679754187593,1679754187624,1679754187662,50,81,119
1679754187668,1679754187717,1679754187749,1679754187787,49,81,119
1679754187793,1679754187843,1679754187874,1679754187912,50,81,119
1679754187918,1679754187967,1679754187999,1679754188036,49,81,118
1679754188043,1679754188092,1679754188123,1679754188161,49,80,118
1679754188167,1679754188217,1679754188249,1679754188286,50,82,119
1679754188293,1679754188342,1679754188373,1679754188411,49,80,118
1679754188417,1679754188467,1679754188497,1679754188536,50,80,119
1679754188542,1679754188591,1679754188623,1679754188663,49,81,121
1679754188669,1679754188718,1679754188749,1679754188786,49,80,117
1679754188792,1679754188842,1679754188873,1679754188911,50,81,119
1679754188917,1679754188966,1679754188997,1679754189035,49,80,118
1679754189041,1679754189091,1679754189122,1679754189160,50,81,119
1679754189166,1679754189215,1679754189247,1679754189285,49,81,119
1679754189292,1679754189341,1679754189372,1679754189410,49,80,118
1679754189417,1679754189466,1679754189497,1679754189536,49,80,119
1679754189542,1679754189592,1679754189624,1679754189662,50,82,120
1679754189668,1679754189718,1679754189749,1679754189892,50,81,224
1679754189898,1679754189948,1679754189979,1679754190017,50,81,119
1679754190023,1679754190073,1679754190104,1679754190142,50,81,119
1679754190148,1679754190197,1679754190229,1679754190268,49,81,120
1679754190274,1679754190324,1679754190356,1679754190497,50,82,223
1679754190503,1679754190553,1679754190585,1679754190623,50,82,120
1679754190629,1679754190678,1679754190710,1679754190748,49,81,119
1679754190754,1679754190803,1679754190835,1679754190873,49,81,119
1679754190879,1679754190928,1679754190959,1679754190997,49,80,118
1679754191003,1679754191053,1679754191084,1679754191122,50,81,119
1679754191128,1679754191177,1679754191209,1679754191248,49,81,120
1679754191254,1679754191303,1679754191335,1679754191372,49,81,118
1679754191379,1679754191428,1679754191460,1679754191498,49,81,119
1679754191504,1679754191553,1679754191585,1679754191623,49,81,119
1679754191629,1679754191678,1679754191709,1679754191747,49,80,118
1679754191753,1679754191803,1679754191834,1679754191872,50,81,119
1679754191878,1679754191927,1679754191959,1679754191997,49,81,119
1679754192004,1679754192053,1679754192085,1679754192123,49,81,119
1679754192129,1679754192180,1679754192211,1679754192250,51,82,121
1679754192256,1679754192305,1679754192336,1679754192374,49,80,118
1679754192380,1679754192430,1679754192461,1679754192500,50,81,120
1679754192506,1679754192555,1679754192587,1679754192625,49,81,119
1679754192631,1679754192681,1679754192713,1679754192751,50,82,120
1679754192757,1679754192807,1679754192839,1679754192877,50,82,120
1679754192883,1679754192932,1679754192964,1679754193002,49,81,119
1679754193008,1679754193057,1679754193090,1679754193129,49,82,121
1679754193135,1679754193184,1679754193215,1679754193253,49,80,118
1679754193259,1679754193308,1679754193339,1679754193377,49,80,118
1679754193383,1679754193433,1679754193464,1679754193502,50,81,119
1679754193508,1679754193557,1679754193589,1679754193627,49,81,119
1679754193633,1679754193683,1679754193714,1679754193752,50,81,119
1679754193758,1679754193807,1679754193839,1679754193877,49,81,119
1679754193883,1679754193932,1679754193964,1679754194001,49,81,118
1679754194008,1679754194057,1679754194089,1679754194127,49,81,119
1679754194132,1679754194181,1679754194213,1679754194251,49,81,119
1679754194257,1679754194306,1679754194337,1679754194482,49,80,225
1679754194488,1679754194538,1679754194570,1679754194608,50,82,120
1679754194614,1679754194664,1679754194696,1679754194734,50,82,120
1679754194740,1679754194790,1679754194822,1679754194859,50,82,119
1679754194866,1679754194915,1679754194946,1679754194984,49,80,118
1679754194990,1679754195039,1679754195071,1679754195109,49,81,119
1679754195115,1679754195164,1679754195195,1679754195234,49,80,119
1679754195240,1679754195290,1679754195321,1679754195359,50,81,119
1679754195365,1679754195414,1679754195446,1679754195484,49,81,119
1679754195490,1679754195538,1679754195570,1679754195608,48,80,118
1679754195614,1679754195665,1679754195697,1679754195735,51,83,121
1679754195741,1679754195790,1679754195822,1679754195860,49,81,119
1679754195866,1679754195915,1679754195947,1679754195985,49,81,119
1679754195992,1679754196041,1679754196073,1679754196111,49,81,119
1679754196117,1679754196167,1679754196198,1679754196236,50,81,119
1679754196243,1679754196292,1679754196323,1679754196361,49,80,118
1679754196367,1679754196416,1679754196447,1679754196484,49,80,117
1679754196491,1679754196540,1679754196572,1679754196610,49,81,119
1679754196616,1679754196665,1679754196697,1679754196735,49,81,119
1679754196741,1679754196790,1679754196822,1679754196860,49,81,119
1679754196866,1679754196915,1679754196947,1679754197090,49,81,224
1679754197096,1679754197145,1679754197177,1679754197215,49,81,119
1679754197221,1679754197270,1679754197302,1679754197339,49,81,118
1679754197346,1679754197395,1679754197427,1679754197570,49,81,224
1679754197577,1679754197626,1679754197657,1679754197802,49,80,225
1679754197808,1679754197858,1679754197890,1679754198032,50,82,224
1679754198038,1679754198088,1679754198119,1679754198157,50,81,119
1679754198163,1679754198212,1679754198244,1679754198282,49,81,119
1679754198288,1679754198337,1679754198369,1679754198407,49,81,119
1679754198414,1679754198463,1679754198494,1679754198532,49,80,118
1679754198538,1679754198587,1679754198619,1679754198658,49,81,120
1679754198664,1679754198713,1679754198745,1679754198783,49,81,119
1679754198789,1679754198838,1679754198870,1679754198908,49,81,119
1679754198914,1679754198964,1679754198994,1679754199032,50,80,118
1679754199038,1679754199087,1679754199119,1679754199158,49,81,120
1679754199164,1679754199213,1679754199245,1679754199283,49,81,119
1679754199289,1679754199338,1679754199370,1679754199407,49,81,118
1679754199414,1679754199463,1679754199495,1679754199533,49,81,119
1679754199539,1679754199588,1679754199620,1679754199658,49,81,119
1679754199664,1679754199714,1679754199745,1679754199784,50,81,120
1679754199790,1679754199839,1679754199871,1679754199909,49,81,119
1679754199915,1679754199964,1679754199996,1679754200034,49,81,119
1679754200040,1679754200090,1679754200121,1679754200159,50,81,119
1679754200165,1679754200215,1679754200245,1679754200283,50,80,118
1679754200290,1679754200339,1679754200370,1679754200409,49,80,119
1679754200415,1679754200464,1679754200496,1679754200534,49,81,119
1679754200540,1679754200590,1679754200621,1679754200658,50,81,118
1679754200664,1679754200714,1679754200745,1679754200784,50,81,120
1679754200790,1679754200839,1679754200871,1679754200909,49,81,119
1679754200915,1679754200964,1679754200995,1679754201034,49,80,119
1679754201040,1679754201089,1679754201120,1679754201158,49,80,118
1679754201164,1679754201214,1679754201246,1679754201284,50,82,120
1679754201290,1679754201339,1679754201371,1679754201408,49,81,118
1679754201414,1679754201464,1679754201493,1679754201533,50,79,119
1679754201539,1679754201589,1679754201621,1679754201658,50,82,119
1679754201664,1679754201713,1679754201745,1679754201783,49,81,119
1679754201789,1679754201838,1679754201870,1679754201908,49,81,119
1679754201914,1679754201963,1679754201995,1679754202033,49,81,119
1679754202039,1679754202089,1679754202120,1679754202158,50,81,119
1679754202164,1679754202214,1679754202245,1679754202283,50,81,119
1679754202290,1679754202338,1679754202370,1679754202409,48,80,119
1679754202415,1679754202464,1679754202495,1679754202534,49,80,119
1679754202540,1679754202590,1679754202622,1679754202762,50,82,222
1679754202769,1679754202818,1679754202850,1679754202888,49,81,119
1679754202894,1679754202943,1679754202975,1679754203013,49,81,119
1679754203019,1679754203069,1679754203100,1679754203138,50,81,119
1679754203144,1679754203194,1679754203226,1679754203264,50,82,120
1679754203270,1679754203320,1679754203351,1679754203389,50,81,119
1679754203395,1679754203445,1679754203476,1679754203513,50,81,118
1679754203519,1679754203569,1679754203600,1679754203638,50,81,119
1679754203645,1679754203694,1679754203725,1679754203763,49,80,118
1679754203770,1679754203819,1679754203849,1679754203887,49,79,117
1679754203893,1679754203943,1679754203974,1679754204012,50,81,119
1679754204018,1679754204068,1679754204099,1679754204137,50,81,119
1679754204144,1679754204193,1679754204225,1679754204264,49,81,120
1679754204270,1679754204319,1679754204350,1679754204388,49,80,118
1679754204394,1679754204444,1679754204475,1679754204513,50,81,119
1679754204519,1679754204568,1679754204600,1679754204638,49,81,119
1679754204644,1679754204694,1679754204725,1679754204867,50,81,223
1679754204874,1679754204922,1679754204954,1679754204992,48,80,118
1679754204998,1679754205047,1679754205079,1679754205222,49,81,224
1679754205229,1679754205278,1679754205310,1679754205348,49,81,119
1679754205354,1679754205403,1679754205435,1679754205474,49,81,120
1679754205480,1679754205529,1679754205560,1679754205599,49,80,119
1679754205605,1679754205654,1679754205685,1679754205723,49,80,118
1679754205729,1679754205779,1679754205810,1679754205848,50,81,119
1679754205854,1679754205902,1679754205934,1679754205971,48,80,117
1679754205978,1679754206026,1679754206058,1679754206095,48,80,117
1679754206102,1679754206151,1679754206184,1679754206223,49,82,121
1679754206229,1679754206279,1679754206310,1679754206348,50,81,119
1679754206355,1679754206403,1679754206435,1679754206472,48,80,117
1679754206478,1679754206527,1679754206558,1679754206596,49,80,118
1679754206603,1679754206652,1679754206683,1679754206721,49,80,118
1679754206727,1679754206777,1679754206809,1679754206847,50,82,120
1679754206854,1679754206903,1679754206933,1679754206971,49,79,117
1679754206977,1679754207026,1679754207058,1679754207202,49,81,225
1679754207209,1679754207258,1679754207290,1679754207328,49,81,119
1679754207334,1679754207383,1679754207414,1679754207452,49,80,118
1679754207458,1679754207507,1679754207538,1679754207577,49,80,119
1679754207583,1679754207632,1679754207664,1679754207702,49,81,119
1679754207708,1679754207757,1679754207789,1679754207827,49,81,119
1679754207833,1679754207882,1679754207913,1679754207951,49,80,118
1679754207957,1679754208006,1679754208038,1679754208076,49,81,119
1679754208082,1679754208130,1679754208162,1679754208201,48,80,119
1679754208207,1679754208256,1679754208287,1679754208326,49,80,119
1679754208332,1679754208382,1679754208414,1679754208555,50,82,223
1679754208562,1679754208611,1679754208643,1679754208681,49,81,119
1679754208687,1679754208737,1679754208769,1679754208806,50,82,119
1679754208813,1679754208862,1679754208895,1679754208933,49,82,120
1679754208941,1679754208993,1679754209025,1679754209063,52,84,122
1679754209069,1679754209118,1679754209150,1679754209188,49,81,119
1679754209194,1679754209243,1679754209275,1679754209313,49,81,119
1679754209319,1679754209368,1679754209399,1679754209437,49,80,118
1679754209443,1679754209493,1679754209524,1679754209562,50,81,119
1679754209569,1679754209617,1679754209649,1679754209689,48,80,120
1679754209695,1679754209744,1679754209776,1679754209814,49,81,119
1679754209820,1679754209869,1679754209901,1679754209938,49,81,118
1679754209945,1679754209994,1679754210025,1679754210063,49,80,118
1679754210069,1679754210118,1679754210150,1679754210188,49,81,119
1679754210194,1679754210244,1679754210275,1679754210313,50,81,119
1679754210319,1679754210369,1679754210401,1679754210438,50,82,119
1679754210445,1679754210494,1679754210526,1679754210564,49,81,119
1679754210571,1679754210620,1679754210651,1679754210690,49,80,119
1679754210696,1679754210745,1679754210777,1679754210816,49,81,120
1679754210822,1679754210871,1679754210903,1679754211047,49,81,225
1679754211054,1679754211103,1679754211136,1679754211174,49,82,120
1679754211180,1679754211230,1679754211261,1679754211299,50,81,119
1679754211305,1679754211354,1679754211386,1679754211424,49,81,119
1679754211430,1679754211479,1679754211511,1679754211549,49,81,119
1679754211555,1679754211604,1679754211636,1679754211673,49,81,118
1679754211679,1679754211729,1679754211760,1679754211797,50,81,118
1679754211803,1679754211852,1679754211884,1679754211922,49,81,119
1679754211928,1679754211977,1679754212009,1679754212046,49,81,118
1679754212053,1679754212102,1679754212133,1679754212171,49,80,118
1679754212177,1679754212226,1679754212258,1679754212295,49,81,118
1679754212302,1679754212351,1679754212383,1679754212421,49,81,119
1679754212427,1679754212476,1679754212508,1679754212546,49,81,119
1679754212552,1679754212601,1679754212632,1679754212670,49,80,118
1679754212676,1679754212727,1679754212758,1679754212799,51,82,123
1679754212806,1679754212855,1679754212886,1679754212924,49,80,118
1679754212930,1679754212979,1679754213011,1679754213049,49,81,119
1679754213056,1679754213105,1679754213136,1679754213175,49,80,119
1679754213182,1679754213232,1679754213263,1679754213301,50,81,119
1679754213308,1679754213357,1679754213389,1679754213427,49,81,119
1679754213433,1679754213482,1679754213514,1679754213552,49,81,119
1679754213558,1679754213607,1679754213639,1679754213677,49,81,119
1679754213683,1679754213732,1679754213764,1679754213801,49,81,118
1679754213807,1679754213857,1679754213888,1679754213926,50,81,119
1679754213932,1679754213981,1679754214012,1679754214050,49,80,118
1679754214056,1679754214106,1679754214137,1679754214175,50,81,119
1679754214181,1679754214230,1679754214262,1679754214300,49,81,119
1679754214307,1679754214356,1679754214387,1679754214425,49,80,118
1679754214431,1679754214480,1679754214511,1679754214549,49,80,118
1679754214555,1679754214604,1679754214636,1679754214674,49,81,119
1679754214680,1679754214729,1679754214761,1679754214798,49,81,118
1679754214804,1679754214854,1679754214885,1679754214923,50,81,119
1679754214929,1679754214979,1679754215010,1679754215049,50,81,120
1679754215055,1679754215104,1679754215136,1679754215174,49,81,119
1679754215180,1679754215229,1679754215260,1679754215299,49,80,119
1679754215305,1679754215354,1679754215385,1679754215423,49,80,118
1679754215429,1679754215479,1679754215510,1679754215548,50,81,119
1679754215555,1679754215604,1679754215636,1679754215674,49,81,119
1679754215680,1679754215729,1679754215761,1679754215798,49,81,118
1679754215804,1679754215854,1679754215886,1679754215925,50,82,121
1679754215931,1679754215981,1679754216012,1679754216050,50,81,119
1679754216056,1679754216105,1679754216136,1679754216174,49,80,118
1679754216180,1679754216230,1679754216261,1679754216299,50,81,119
1679754216305,1679754216355,1679754216386,1679754216424,50,81,119
1679754216430,1679754216479,1679754216510,1679754216550,49,80,120
1679754216556,1679754216605,1679754216636,1679754216674,49,80,118
1679754216680,1679754216731,1679754216763,1679754216801,51,83,121
1679754216807,1679754216856,1679754216888,1679754216926,49,81,119
1679754216932,1679754216981,1679754217013,1679754217050,49,81,118
1679754217056,1679754217105,1679754217136,1679754217175,49,80,119
1679754217181,1679754217230,1679754217262,1679754217300,49,81,119
1679754217307,1679754217355,1679754217387,1679754217424,48,80,117
1679754217431,1679754217480,1679754217511,1679754217549,49,80,118
1679754217555,1679754217604,1679754217635,1679754217673,49,80,118
1679754217679,1679754217728,1679754217760,1679754217798,49,81,119
1679754217805,1679754217854,1679754217886,1679754217924,49,81,119
1679754217930,1679754217979,1679754218011,1679754218049,49,81,119
1679754218055,1679754218104,1679754218135,1679754218173,49,80,118
1679754218180,1679754218229,1679754218261,1679754218299,49,81,119
1679754218305,1679754218354,1679754218385,1679754218423,49,80,118
1679754218430,1679754218479,1679754218510,1679754218548,49,80,118
1679754218554,1679754218604,1679754218636,1679754218673,50,82,119
1679754218680,1679754218730,1679754218761,1679754218798,50,81,118
1679754218805,1679754218854,1679754218885,1679754218924,49,80,119
1679754218930,1679754218979,1679754219011,1679754219049,49,81,119
1679754219056,1679754219105,1679754219137,1679754219174,49,81,118
1679754219181,1679754219231,1679754219262,1679754219300,50,81,119
1679754219307,1679754219356,1679754219387,1679754219426,49,80,119
1679754219432,1679754219481,1679754219512,1679754219550,49,80,118
1679754219557,1679754219605,1679754219637,1679754219675,48,80,118
1679754219682,1679754219731,1679754219762,1679754219800,49,80,118
1679754219807,1679754219856,1679754219888,1679754219927,49,81,120
1679754219933,1679754219983,1679754220014,1679754220051,50,81,118
1679754220057,1679754220107,1679754220138,1679754220176,50,81,119
1679754220182,1679754220233,1679754220264,1679754220302,51,82,120
1679754220308,1679754220357,1679754220389,1679754220426,49,81,118
1679754220433,1679754220482,1679754220513,1679754220552,49,80,119
1679754220558,1679754220606,1679754220638,1679754220676,48,80,118
1679754220682,1679754220732,1679754220763,1679754220801,50,81,119
1679754220807,1679754220856,1679754220888,1679754220926,49,81,119
1679754220932,1679754220981,1679754221013,1679754221156,49,81,224
1679754221163,1679754221212,1679754221244,1679754221282,49,81,119
1679754221288,1679754221337,1679754221369,1679754221407,49,81,119
1679754221413,1679754221462,1679754221493,1679754221531,49,80,118
1679754221538,1679754221587,1679754221618,1679754221657,49,80,119
1679754221663,1679754221712,1679754221743,1679754221781,49,80,118
1679754221787,1679754221836,1679754221868,1679754221906,49,81,119
1679754221912,1679754221962,1679754221993,1679754222137,50,81,225
1679754222143,1679754222193,1679754222225,1679754222263,50,82,120
1679754222269,1679754222318,1679754222349,1679754222387,49,80,118
1679754222393,1679754222443,1679754222474,1679754222512,50,81,119
1679754222518,1679754222567,1679754222599,1679754222637,49,81,119
1679754222643,1679754222692,1679754222725,1679754222763,49,82,120
1679754222770,1679754222819,1679754222850,1679754222887,49,80,117
1679754222894,1679754222943,1679754222975,1679754223012,49,81,118
1679754223018,1679754223067,1679754223099,1679754223137,49,81,119
1679754223143,1679754223192,1679754223225,1679754223263,49,82,120
1679754223270,1679754223319,1679754223350,1679754223388,49,80,118
1679754223394,1679754223443,1679754223475,1679754223513,49,81,119
1679754223519,1679754223568,1679754223599,1679754223637,49,80,118
1679754223643,1679754223693,1679754223725,1679754223765,50,82,122
1679754223772,1679754223821,1679754223852,1679754223891,49,80,119
1679754223897,1679754223947,1679754223978,1679754224015,50,81,118
1679754224022,1679754224071,1679754224103,1679754224140,49,81,118
1679754224146,1679754224196,1679754224228,1679754224266,50,82,120
1679754224272,1679754224322,1679754224353,1679754224391,50,81,119
1679754224397,1679754224447,1679754224478,1679754224622,50,81,225
1679754224628,1679754224677,1679754224709,1679754224747,49,81,119
1679754224753,1679754224802,1679754224834,1679754224872,49,81,119
1679754224879,1679754224928,1679754224960,1679754224998,49,81,119
1679754225004,1679754225053,1679754225084,1679754225122,49,80,118
1679754225128,1679754225178,1679754225210,1679754225247,50,82,119
1679754225254,1679754225304,1679754225335,1679754225373,50,81,119
1679754225379,1679754225429,1679754225460,1679754225499,50,81,120
1679754225505,1679754225554,1679754225585,1679754225624,49,80,119
1679754225630,1679754225679,1679754225710,1679754225748,49,80,118
1679754225754,1679754225804,1679754225835,1679754225874,50,81,120
1679754225880,1679754225929,1679754225960,1679754225998,49,80,118
1679754226004,1679754226054,1679754226086,1679754226124,50,82,120
1679754226130,1679754226179,1679754226211,1679754226248,49,81,118
1679754226254,1679754226304,1679754226335,1679754226373,50,81,119
1679754226380,1679754226429,1679754226462,1679754226500,49,82,120
1679754226506,1679754226556,1679754226587,1679754226624,50,81,118
1679754226630,1679754226680,1679754226712,1679754226855,50,82,225
1679754226861,1679754226911,1679754226943,1679754226980,50,82,119
1679754226986,1679754227036,1679754227068,1679754227107,50,82,121
1679754227114,1679754227163,1679754227195,1679754227233,49,81,119
1679754227239,1679754227289,1679754227320,1679754227359,50,81,120
1679754227365,1679754227414,1679754227446,1679754227484,49,81,119
1679754227490,1679754227539,1679754227571,1679754227609,49,81,119
1679754227615,1679754227664,1679754227695,1679754227734,49,80,119
1679754227740,1679754227789,1679754227821,1679754227859,49,81,119
1679754227866,1679754227915,1679754227946,1679754227984,49,80,118
1679754227990,1679754228039,1679754228070,1679754228108,49,80,118
1679754228114,1679754228164,1679754228195,1679754228233,50,81,119
1679754228239,1679754228289,1679754228319,1679754228358,50,80,119
1679754228364,1679754228414,1679754228445,1679754228482,50,81,118
1679754228489,1679754228538,1679754228570,1679754228607,49,81,118
1679754228614,1679754228663,1679754228695,1679754228733,49,81,119
