1679850155743,1679850155811,1679850155865,1679850155879,68,122,136
1679850156279,1679850156351,1679850156405,1679850156420,72,126,141
1679850156820,1679850156893,1679850156947,1679850156961,73,127,141
1679850157369,1679850157441,1679850157496,1679850157509,72,127,140
1679850157905,1679850157977,1679850158032,1679850158047,72,127,142
1679850158442,1679850158510,1679850158563,1679850158580,68,121,138
1679850158977,1679850159049,1679850159104,1679850159117,72,127,140
1679850159522,1679850159594,1679850159648,1679850159662,72,126,140
1679850160065,1679850160137,1679850160190,1679850160204,72,125,139
1679850160602,1679850160679,1679850160734,1679850160750,77,132,148
1679850161148,1679850161221,1679850161274,1679850161288,73,126,140
1679850161685,1679850161758,1679850161812,1679850161825,73,127,140
1679850162234,1679850162307,1679850162361,1679850162375,73,127,141
1679850162776,1679850162850,1679850162903,1679850162914,74,127,138
1679850163316,1679850163388,1679850163441,1679850163457,72,125,141
1679850163859,1679850163931,1679850163984,1679850163998,72,125,139
1679850164399,1679850164472,1679850164525,1679850164540,73,126,141
1679850164947,1679850165019,1679850165074,1679850165087,72,127,140
1679850165497,1679850165569,1679850165622,1679850165636,72,125,139
1679850166034,1679850166106,1679850166160,1679850166175,72,126,141
1679850166578,1679850166651,1679850166704,1679850166720,73,126,142
1679850167122,1679850167195,1679850167249,1679850167263,73,127,141
1679850167666,1679850167739,1679850167792,1679850167807,73,126,141
1679850168208,1679850168279,1679850168334,1679850168348,71,126,140
1679850168748,1679850168821,1679850168874,1679850168889,73,126,141
1679850169290,1679850169363,1679850169417,1679850169432,73,127,142
1679850169830,1679850169902,1679850169955,1679850169971,72,125,141
1679850170369,1679850170441,1679850170494,1679850170508,72,125,139
1679850170907,1679850170979,1679850171034,1679850171047,72,127,140
1679850171454,1679850171528,1679850171582,1679850171597,74,128,143
1679850172000,1679850172073,1679850172127,1679850172142,73,127,142
1679850172543,1679850172618,1679850172672,1679850172688,75,129,145
1679850173093,1679850173164,1679850173220,1679850173234,71,127,141
1679850173638,1679850173713,1679850173767,1679850173783,75,129,145
1679850174184,1679850174258,1679850174312,1679850174327,74,128,143
1679850174723,1679850174796,1679850174850,1679850174863,73,127,140
1679850175263,1679850175335,1679850175389,1679850175402,72,126,139
1679850175802,1679850175875,1679850175929,1679850175943,73,127,141
1679850176347,1679850176420,1679850176474,1679850176488,73,127,141
1679850176895,1679850176967,1679850177020,1679850177033,72,125,138
1679850177436,1679850177508,1679850177561,1679850177575,72,125,139
1679850177979,1679850178051,1679850178104,1679850178118,72,125,139
1679850178522,1679850178593,1679850178647,1679850178659,71,125,137
1679850179066,1679850179138,1679850179191,1679850179205,72,125,139
1679850179608,1679850179678,1679850179731,1679850179745,70,123,137
1679850180151,1679850180221,1679850180275,1679850180288,70,124,137
1679850180691,1679850180763,1679850180815,1679850180830,72,124,139
1679850181236,1679850181308,1679850181361,1679850181374,72,125,138
1679850181779,1679850181852,1679850181904,1679850181919,73,125,140
1679850182326,1679850182398,1679850182451,1679850182465,72,125,139
1679850182873,1679850182943,1679850182996,1679850183010,70,123,137
1679850183415,1679850183485,1679850183538,1679850183553,70,123,138
1679850183959,1679850184031,1679850184084,1679850184098,72,125,139
1679850184507,1679850184579,1679850184634,1679850184647,72,127,140
1679850185055,1679850185127,1679850185179,1679850185193,72,124,138
1679850185598,1679850185669,1679850185723,1679850185737,71,125,139
1679850186141,1679850186211,1679850186265,1679850186279,70,124,138
1679850186679,1679850186752,1679850186805,1679850186820,73,126,141
1679850187227,1679850187298,1679850187351,1679850187364,71,124,137
1679850187768,1679850187840,1679850187893,1679850187907,72,125,139
1679850188314,1679850188385,1679850188438,1679850188452,71,124,138
1679850188855,1679850188926,1679850188979,1679850188993,71,124,138
1679850189403,1679850189474,1679850189527,1679850189541,71,124,138
1679850189944,1679850190016,1679850190069,1679850190083,72,125,139
1679850190487,1679850190559,1679850190613,1679850190630,72,126,143
1679850191029,1679850191100,1679850191153,1679850191167,71,124,138
1679850191573,1679850191645,1679850191698,1679850191711,72,125,138
1679850192113,1679850192185,1679850192238,1679850192252,72,125,139
1679850192660,1679850192732,1679850192785,1679850192798,72,125,138
1679850193203,1679850193275,1679850193328,1679850193341,72,125,138
1679850193745,1679850193815,1679850193868,1679850193881,70,123,136
1679850194290,1679850194361,1679850194413,1679850194428,71,123,138
1679850194836,1679850194908,1679850194961,1679850194974,72,125,138
1679850195382,1679850195453,1679850195505,1679850195520,71,123,138
1679850195925,1679850195997,1679850196050,1679850196063,72,125,138
1679850196469,1679850196540,1679850196593,1679850196607,71,124,138
1679850197011,1679850197081,1679850197134,1679850197149,70,123,138
1679850197556,1679850197627,1679850197680,1679850197694,71,124,138
1679850198099,1679850198171,1679850198225,1679850198239,72,126,140
1679850198640,1679850198714,1679850198767,1679850198780,74,127,140
1679850199187,1679850199257,1679850199310,1679850199325,70,123,138
1679850199733,1679850199804,1679850199858,1679850199872,71,125,139
1679850200282,1679850200353,1679850200405,1679850200420,71,123,138
1679850200825,1679850200897,1679850200949,1679850200963,72,124,138
1679850201367,1679850201438,1679850201491,1679850201505,71,124,138
1679850201910,1679850201982,1679850202035,1679850202048,72,125,138
1679850202453,1679850202524,1679850202578,1679850202591,71,125,138
1679850202998,1679850203069,1679850203122,1679850203136,71,124,138
1679850203544,1679850203614,1679850203667,1679850203682,70,123,138
1679850204090,1679850204160,1679850204213,1679850204228,70,123,138
1679850204634,1679850204706,1679850204759,1679850204773,72,125,139
1679850205183,1679850205254,1679850205308,1679850205321,71,125,138
1679850205729,1679850205800,1679850205852,1679850205867,71,123,138
1679850206273,1679850206344,1679850206396,1679850206411,71,123,138
1679850206818,1679850206890,1679850206943,1679850206957,72,125,139
1679850207366,1679850207438,1679850207492,1679850207503,72,126,137
1679850207910,1679850207981,1679850208033,1679850208047,71,123,137
1679850208454,1679850208525,1679850208578,1679850208591,71,124,137
1679850208999,1679850209072,1679850209125,1679850209139,73,126,140
1679850209546,1679850209617,1679850209669,1679850209682,71,123,136
1679850210080,1679850210150,1679850210204,1679850210217,70,124,137
1679850210622,1679850210697,1679850210750,1679850210765,75,128,143
1679850211170,1679850211241,1679850211295,1679850211307,71,125,137
1679850211716,1679850211787,1679850211839,1679850211854,71,123,138
1679850212254,1679850212327,1679850212379,1679850212393,73,125,139
1679850212800,1679850212871,1679850212924,1679850212938,71,124,138
1679850213344,1679850213415,1679850213469,1679850213482,71,125,138
1679850213889,1679850213960,1679850214012,1679850214028,71,123,139
1679850214429,1679850214501,1679850214553,1679850214567,72,124,138
1679850214976,1679850215047,1679850215099,1679850215115,71,123,139
1679850215516,1679850215587,1679850215641,1679850215653,71,125,137
1679850216062,1679850216133,1679850216185,1679850216199,71,123,137
1679850216607,1679850216681,1679850216735,1679850216752,74,128,145
1679850217156,1679850217227,1679850217280,1679850217295,71,124,139
1679850217706,1679850217777,1679850217830,1679850217844,71,124,138
1679850218251,1679850218322,1679850218375,1679850218387,71,124,136
1679850218792,1679850218863,1679850218916,1679850218929,71,124,137
1679850219333,1679850219403,1679850219457,1679850219472,70,124,139
1679850219872,1679850219943,1679850219996,1679850220011,71,124,139
1679850220422,1679850220492,1679850220545,1679850220559,70,123,137
1679850220965,1679850221035,1679850221088,1679850221102,70,123,137
1679850221513,1679850221584,1679850221638,1679850221652,71,125,139
1679850222058,1679850222129,1679850222182,1679850222197,71,124,139
1679850222602,1679850222676,1679850222728,1679850222743,74,126,141
1679850223148,1679850223219,1679850223272,1679850223286,71,124,138
1679850223695,1679850223766,1679850223819,1679850223832,71,124,137
1679850224242,1679850224314,1679850224366,1679850224379,72,124,137
1679850224780,1679850224851,1679850224904,1679850224918,71,124,138
1679850225325,1679850225394,1679850225447,1679850225462,69,122,137
1679850225869,1679850225942,1679850225996,1679850226009,73,127,140
1679850226418,1679850226491,1679850226544,1679850226557,73,126,139
1679850226962,1679850227034,1679850227086,1679850227101,72,124,139
1679850227511,1679850227582,1679850227635,1679850227649,71,124,138
1679850228053,1679850228124,1679850228176,1679850228191,71,123,138
1679850228598,1679850228670,1679850228724,1679850228738,72,126,140
1679850229148,1679850229220,1679850229273,1679850229285,72,125,137
1679850229696,1679850229768,1679850229821,1679850229835,72,125,139
1679850230233,1679850230305,1679850230358,1679850230372,72,125,139
1679850230783,1679850230853,1679850230905,1679850230920,70,122,137
1679850231329,1679850231400,1679850231453,1679850231467,71,124,138
1679850231869,1679850231941,1679850231994,1679850232008,72,125,139
1679850232417,1679850232489,1679850232541,1679850232558,72,124,141
1679850232964,1679850233036,1679850233089,1679850233102,72,125,138
1679850233506,1679850233577,1679850233630,1679850233645,71,124,139
1679850234050,1679850234121,1679850234174,1679850234188,71,124,138
1679850234588,1679850234661,1679850234716,1679850234731,73,128,143
1679850235133,1679850235204,1679850235257,1679850235270,71,124,137
1679850235679,1679850235750,1679850235803,1679850235818,71,124,139
1679850236214,1679850236286,1679850236339,1679850236353,72,125,139
1679850236759,1679850236829,1679850236883,1679850236896,70,124,137
1679850237300,1679850237373,1679850237425,1679850237439,73,125,139
1679850237846,1679850237917,1679850237971,1679850237985,71,125,139
1679850238388,1679850238458,1679850238511,1679850238525,70,123,137
1679850238930,1679850239001,1679850239054,1679850239067,71,124,137
1679850239476,1679850239548,1679850239600,1679850239615,72,124,139
1679850240022,1679850240093,1679850240145,1679850240159,71,123,137
1679850240566,1679850240638,1679850240691,1679850240705,72,125,139
1679850241108,1679850241179,1679850241231,1679850241245,71,123,137
1679850241650,1679850241721,1679850241774,1679850241789,71,124,139
1679850242192,1679850242263,1679850242315,1679850242329,71,123,137
1679850242724,1679850242795,1679850242848,1679850242862,71,124,138
1679850243262,1679850243333,1679850243386,1679850243399,71,124,137
1679850243801,1679850243872,1679850243925,1679850243937,71,124,136
1679850244340,1679850244411,1679850244465,1679850244477,71,125,137
1679850244882,1679850244952,1679850245005,1679850245019,70,123,137
1679850245427,1679850245498,1679850245551,1679850245564,71,124,137
1679850245972,1679850246044,1679850246096,1679850246110,72,124,138
1679850246517,1679850246588,1679850246640,1679850246654,71,123,137
1679850247063,1679850247134,1679850247188,1679850247201,71,125,138
1679850247605,1679850247677,1679850247730,1679850247744,72,125,139
1679850248149,1679850248219,1679850248272,1679850248285,70,123,136
1679850248687,1679850248760,1679850248813,1679850248826,73,126,139
1679850249230,1679850249301,1679850249354,1679850249367,71,124,137
1679850249773,1679850249844,1679850249898,1679850249913,71,125,140
1679850250321,1679850250392,1679850250445,1679850250459,71,124,138
1679850250867,1679850250938,1679850250991,1679850251005,71,124,138
1679850251415,1679850251486,1679850251538,1679850251553,71,123,138
1679850251961,1679850252032,1679850252085,1679850252100,71,124,139
1679850252504,1679850252575,1679850252628,1679850252641,71,124,137
1679850253049,1679850253120,1679850253172,1679850253186,71,123,137
1679850253592,1679850253663,1679850253716,1679850253729,71,124,137
1679850254129,1679850254200,1679850254252,1679850254266,71,123,137
1679850254670,1679850254742,1679850254795,1679850254809,72,125,139
1679850255217,1679850255287,1679850255340,1679850255353,70,123,136
1679850255756,1679850255828,1679850255881,1679850255895,72,125,139
1679850256303,1679850256374,1679850256427,1679850256441,71,124,138
1679850256841,1679850256913,1679850256966,1679850256979,72,125,138
1679850257387,1679850257459,1679850257512,1679850257527,72,125,140
1679850257929,1679850258001,1679850258054,1679850258068,72,125,139
1679850258474,1679850258545,1679850258598,1679850258611,71,124,137
1679850259017,1679850259088,1679850259141,1679850259155,71,124,138
1679850259558,1679850259628,1679850259681,1679850259694,70,123,136
1679850260091,1679850260163,1679850260216,1679850260229,72,125,138
1679850260628,1679850260702,1679850260754,1679850260768,74,126,140
1679850261175,1679850261248,1679850261301,1679850261315,73,126,140
1679850261721,1679850261792,1679850261845,1679850261859,71,124,138
1679850262267,1679850262339,1679850262392,1679850262407,72,125,140
1679850262809,1679850262880,1679850262934,1679850262949,71,125,140
1679850263351,1679850263422,1679850263475,1679850263489,71,124,138
1679850263899,1679850263970,1679850264023,1679850264037,71,124,138
1679850264445,1679850264516,1679850264569,1679850264583,71,124,138
1679850264991,1679850265062,1679850265114,1679850265129,71,123,138
1679850265534,1679850265605,1679850265659,1679850265673,71,125,139
1679850266075,1679850266148,1679850266201,1679850266215,73,126,140
1679850266620,1679850266690,1679850266743,1679850266758,70,123,138
1679850267167,1679850267239,1679850267292,1679850267306,72,125,139
1679850267714,1679850267786,1679850267838,1679850267851,72,124,137
1679850268252,1679850268322,1679850268375,1679850268389,70,123,137
1679850268795,1679850268866,1679850268920,1679850268933,71,125,138
1679850269340,1679850269411,1679850269464,1679850269478,71,124,138
1679850269884,1679850269956,1679850270009,1679850270022,72,125,138
1679850270429,1679850270501,1679850270554,1679850270568,72,125,139
1679850270974,1679850271045,1679850271098,1679850271112,71,124,138
1679850271517,1679850271588,1679850271641,1679850271656,71,124,139
1679850272067,1679850272140,1679850272193,1679850272207,73,126,140
1679850272610,1679850272680,1679850272734,1679850272748,70,124,138
1679850273157,1679850273228,1679850273281,1679850273295,71,124,138
1679850273698,1679850273768,1679850273821,1679850273835,70,123,137
1679850274238,1679850274310,1679850274362,1679850274376,72,124,138
1679850274781,1679850274853,1679850274906,1679850274920,72,125,139
1679850275329,1679850275400,1679850275453,1679850275467,71,124,138
1679850275878,1679850275949,1679850276002,1679850276016,71,124,138
1679850276418,1679850276488,1679850276541,1679850276556,70,123,138
1679850276956,1679850277027,1679850277080,1679850277094,71,124,138
1679850277498,1679850277570,1679850277622,1679850277636,72,124,138
1679850278048,1679850278119,1679850278171,1679850278186,71,123,138
1679850278592,1679850278662,1679850278716,1679850278731,70,124,139
1679850279127,1679850279198,1679850279251,1679850279264,71,124,137
1679850279671,1679850279742,1679850279795,1679850279809,71,124,138
1679850280216,1679850280287,1679850280342,1679850280355,71,126,139
1679850280756,1679850280827,1679850280879,1679850280893,71,123,137
1679850281297,1679850281369,1679850281421,1679850281435,72,124,138
1679850281840,1679850281911,1679850281965,1679850281978,71,125,138
1679850282382,1679850282453,1679850282506,1679850282520,71,124,138
1679850282923,1679850282994,1679850283047,1679850283060,71,124,137
1679850283470,1679850283541,1679850283594,1679850283608,71,124,138
1679850284015,1679850284086,1679850284139,1679850284152,71,124,137
1679850284562,1679850284633,1679850284685,1679850284698,71,123,136
1679850285106,1679850285178,1679850285230,1679850285244,72,124,138
1679850285648,1679850285720,1679850285772,1679850285786,72,124,138
1679850286183,1679850286254,1679850286306,1679850286320,71,123,137
1679850286728,1679850286799,1679850286852,1679850286867,71,124,139
1679850287270,1679850287342,1679850287394,1679850287408,72,124,138
1679850287820,1679850287892,1679850287945,1679850287958,72,125,138
1679850288362,1679850288432,1679850288486,1679850288499,70,124,137
1679850288907,1679850288978,1679850289030,1679850289045,71,123,138
1679850289451,1679850289523,1679850289575,1679850289589,72,124,138
1679850289988,1679850290059,1679850290112,1679850290126,71,124,138
1679850290533,1679850290605,1679850290658,1679850290671,72,125,138
1679850291081,1679850291153,1679850291205,1679850291220,72,124,139
1679850291629,1679850291700,1679850291752,1679850291766,71,123,137
1679850292166,1679850292237,1679850292289,1679850292303,71,123,137
1679850292709,1679850292780,1679850292834,1679850292847,71,125,138
1679850293247,1679850293318,1679850293371,1679850293384,71,124,137
1679850293787,1679850293859,1679850293911,1679850293926,72,124,139
1679850294331,1679850294402,1679850294455,1679850294468,71,124,137
1679850294875,1679850294946,1679850294999,1679850295014,71,124,139
1679850295418,1679850295488,1679850295541,1679850295555,70,123,137
1679850295956,1679850296027,1679850296080,1679850296095,71,124,139
1679850296499,1679850296570,1679850296623,1679850296637,71,124,138
1679850297046,1679850297117,1679850297170,1679850297184,71,124,138
1679850297591,1679850297663,1679850297716,1679850297731,72,125,140
1679850298134,1679850298206,1679850298258,1679850298271,72,124,137
1679850298676,1679850298749,1679850298802,1679850298815,73,126,139
1679850299219,1679850299289,1679850299343,1679850299356,70,124,137
1679850299756,1679850299827,1679850299880,1679850299894,71,124,138
1679850300294,1679850300365,1679850300418,1679850300432,71,124,138
1679850300837,1679850300908,1679850300961,1679850300975,71,124,138
1679850301383,1679850301454,1679850301506,1679850301520,71,123,137
1679850301927,1679850302000,1679850302053,1679850302065,73,126,138
1679850302468,1679850302540,1679850302593,1679850302606,72,125,138
1679850303018,1679850303090,1679850303143,1679850303156,72,125,138
1679850303566,1679850303637,1679850303690,1679850303704,71,124,138
1679850304112,1679850304182,1679850304235,1679850304250,70,123,138
1679850304659,1679850304731,1679850304783,1679850304798,72,124,139
1679850305201,1679850305272,1679850305325,1679850305338,71,124,137
1679850305748,1679850305819,1679850305871,1679850305886,71,123,138
1679850306295,1679850306366,1679850306418,1679850306432,71,123,137
1679850306835,1679850306905,1679850306959,1679850306972,70,124,137
1679850307381,1679850307452,1679850307505,1679850307520,71,124,139
1679850307924,1679850307995,1679850308049,1679850308062,71,125,138
1679850308470,1679850308541,1679850308594,1679850308608,71,124,138
1679850309014,1679850309085,1679850309138,1679850309151,71,124,137
1679850309561,1679850309632,1679850309685,1679850309699,71,124,138
1679850310105,1679850310177,1679850310230,1679850310244,72,125,139
1679850310649,1679850310720,1679850310773,1679850310787,71,124,138
1679850311195,1679850311265,1679850311318,1679850311333,70,123,138
1679850311734,1679850311806,1679850311859,1679850311872,72,125,138
1679850312270,1679850312341,1679850312394,1679850312407,71,124,137
1679850312808,1679850312881,1679850312935,1679850312947,73,127,139
1679850313352,1679850313424,1679850313477,1679850313490,72,125,138
1679850313898,1679850313969,1679850314022,1679850314036,71,124,138
1679850314438,1679850314510,1679850314563,1679850314576,72,125,138
1679850314979,1679850315051,1679850315103,1679850315118,72,124,139
1679850315521,1679850315592,1679850315644,1679850315659,71,123,138
1679850316063,1679850316134,1679850316187,1679850316202,71,124,139
1679850316604,1679850316677,1679850316731,1679850316744,73,127,140
1679850317152,1679850317223,1679850317276,1679850317288,71,124,136
1679850317692,1679850317764,1679850317817,1679850317831,72,125,139
1679850318234,1679850318305,1679850318358,1679850318372,71,124,138
1679850318776,1679850318847,1679850318899,1679850318914,71,123,138
1679850319322,1679850319394,1679850319446,1679850319461,72,124,139
1679850319867,1679850319939,1679850319991,1679850320004,72,124,137
1679850320412,1679850320483,1679850320536,1679850320549,71,124,137
1679850320956,1679850321028,1679850321080,1679850321094,72,124,138
1679850321500,1679850321572,1679850321625,1679850321639,72,125,139
1679850322041,1679850322112,1679850322165,1679850322180,71,124,139
1679850322587,1679850322659,1679850322712,1679850322726,72,125,139
1679850323130,1679850323201,1679850323253,1679850323268,71,123,138
1679850323670,1679850323741,1679850323794,1679850323807,71,124,137
1679850324214,1679850324284,1679850324337,1679850324351,70,123,137
1679850324755,1679850324825,1679850324879,1679850324893,70,124,138
1679850325300,1679850325371,1679850325423,1679850325439,71,123,139
1679850325842,1679850325913,1679850325966,1679850325980,71,124,138
1679850326387,1679850326459,1679850326511,1679850326525,72,124,138
1679850326933,1679850327004,1679850327057,1679850327071,71,124,138
1679850327474,1679850327546,1679850327599,1679850327613,72,125,139
1679850328018,1679850328089,1679850328142,1679850328155,71,124,137
1679850328557,1679850328628,1679850328681,1679850328694,71,124,137
1679850329098,1679850329170,1679850329223,1679850329236,72,125,138
1679850329639,1679850329710,1679850329763,1679850329777,71,124,138
1679850330181,1679850330253,1679850330306,1679850330319,72,125,138
1679850330725,1679850330796,1679850330848,1679850330863,71,123,138
1679850331269,1679850331341,1679850331394,1679850331406,72,125,137
1679850331814,1679850331885,1679850331938,1679850331952,71,124,138
1679850332357,1679850332428,1679850332481,1679850332495,71,124,138
1679850332901,1679850332972,1679850333025,1679850333038,71,124,137
1679850333440,1679850333512,1679850333565,1679850333579,72,125,139
1679850333984,1679850334054,1679850334107,1679850334121,70,123,137
1679850334526,1679850334597,1679850334650,1679850334664,71,124,138
1679850335068,1679850335140,1679850335193,1679850335206,72,125,138
1679850335613,1679850335683,1679850335736,1679850335751,70,123,138
1679850336157,1679850336229,1679850336281,1679850336295,72,124,138
1679850336699,1679850336769,1679850336822,1679850336836,70,123,137
1679850337239,1679850337310,1679850337363,1679850337376,71,124,137
1679850337784,1679850337854,1679850337906,1679850337921,70,122,137
1679850338323,1679850338394,1679850338447,1679850338461,71,124,138
1679850338865,1679850338936,1679850338990,1679850339004,71,125,139
1679850339411,1679850339482,1679850339535,1679850339549,71,124,138
1679850339954,1679850340026,1679850340078,1679850340092,72,124,138
1679850340501,1679850340575,1679850340627,1679850340640,74,126,139
1679850341043,1679850341114,1679850341168,1679850341181,71,125,138
1679850341588,1679850341661,1679850341713,1679850341728,73,125,140
1679850342135,1679850342207,1679850342260,1679850342273,72,125,138
1679850342681,1679850342751,1679850342809,1679850342824,70,128,143
1679850343231,1679850343303,1679850343355,1679850343369,72,124,138
1679850343775,1679850343847,1679850343900,1679850343913,72,125,138
1679850344321,1679850344393,1679850344446,1679850344460,72,125,139
1679850344863,1679850344935,1679850344989,1679850345002,72,126,139
1679850345411,1679850345483,1679850345535,1679850345549,72,124,138
1679850345948,1679850346018,1679850346071,1679850346084,70,123,136
1679850346493,1679850346564,1679850346617,1679850346631,71,124,138
1679850347038,1679850347109,1679850347163,1679850347176,71,125,138
1679850347580,1679850347650,1679850347703,1679850347717,70,123,137
1679850348111,1679850348181,1679850348234,1679850348248,70,123,137
1679850348654,1679850348724,1679850348778,1679850348791,70,124,137
1679850349198,1679850349269,1679850349322,1679850349335,71,124,137
1679850349736,1679850349809,1679850349861,1679850349875,73,125,139
1679850350275,1679850350346,1679850350400,1679850350413,71,125,138
1679850350818,1679850350890,1679850350943,1679850350957,72,125,139
1679850351365,1679850351436,1679850351489,1679850351504,71,124,139
1679850351910,1679850351981,1679850352034,1679850352049,71,124,139
1679850352452,1679850352524,1679850352576,1679850352591,72,124,139
1679850352993,1679850353065,1679850353117,1679850353131,72,124,138
1679850353525,1679850353595,1679850353648,1679850353662,70,123,137
1679850354067,1679850354138,1679850354191,1679850354205,71,124,138
1679850354610,1679850354681,1679850354734,1679850354746,71,124,136
1679850355156,1679850355227,1679850355278,1679850355294,71,122,138
1679850355701,1679850355772,1679850355826,1679850355838,71,125,137
1679850356235,1679850356307,1679850356360,1679850356374,72,125,139
1679850356780,1679850356850,1679850356904,1679850356917,70,124,137
1679850357322,1679850357394,1679850357448,1679850357462,72,126,140
1679850357866,1679850357937,1679850357991,1679850358006,71,125,140
1679850358413,1679850358484,1679850358536,1679850358550,71,123,137
1679850358955,1679850359026,1679850359079,1679850359092,71,124,137
1679850359496,1679850359568,1679850359622,1679850359634,72,126,138
1679850360041,1679850360114,1679850360167,1679850360180,73,126,139
1679850360585,1679850360657,1679850360709,1679850360723,72,124,138
1679850361129,1679850361199,1679850361252,1679850361266,70,123,137
1679850361664,1679850361735,1679850361788,1679850361802,71,124,138
1679850362211,1679850362282,1679850362336,1679850362349,71,125,138
1679850362755,1679850362828,1679850362881,1679850362895,73,126,140
1679850363294,1679850363366,1679850363419,1679850363433,72,125,139
1679850363835,1679850363907,1679850363961,1679850363974,72,126,139
1679850364382,1679850364454,1679850364507,1679850364521,72,125,139
1679850364927,1679850364998,1679850365051,1679850365065,71,124,138
1679850365471,1679850365544,1679850365596,1679850365611,73,125,140
1679850366009,1679850366080,1679850366134,1679850366147,71,125,138
1679850366552,1679850366623,1679850366677,1679850366690,71,125,138
1679850367092,1679850367163,1679850367216,1679850367229,71,124,137
1679850367632,1679850367703,1679850367756,1679850367769,71,124,137
1679850368177,1679850368248,1679850368301,1679850368313,71,124,136
1679850368719,1679850368791,1679850368844,1679850368858,72,125,139
1679850369253,1679850369323,1679850369376,1679850369392,70,123,139
1679850369793,1679850369864,1679850369917,1679850369931,71,124,138
1679850370336,1679850370408,1679850370461,1679850370475,72,125,139
1679850370880,1679850370952,1679850371005,1679850371019,72,125,139
1679850371427,1679850371498,1679850371551,1679850371565,71,124,138
1679850371965,1679850372038,1679850372091,1679850372104,73,126,139
1679850372510,1679850372581,1679850372633,1679850372648,71,123,138
1679850373056,1679850373127,1679850373181,1679850373195,71,125,139
1679850373597,1679850373668,1679850373721,1679850373736,71,124,139
1679850374143,1679850374214,1679850374267,1679850374282,71,124,139
1679850374693,1679850374764,1679850374817,1679850374831,71,124,138
1679850375232,1679850375302,1679850375354,1679850375369,70,122,137
1679850375767,1679850375839,1679850375893,1679850375905,72,126,138
1679850376311,1679850376383,1679850376436,1679850376450,72,125,139
1679850376853,1679850376924,1679850376977,1679850376992,71,124,139
1679850377402,1679850377473,1679850377526,1679850377539,71,124,137
1679850377942,1679850378014,1679850378067,1679850378079,72,125,137
1679850378487,1679850378557,1679850378610,1679850378624,70,123,137
1679850379031,1679850379102,1679850379154,1679850379168,71,123,137
1679850379571,1679850379643,1679850379696,1679850379708,72,125,137
1679850380108,1679850380180,1679850380233,1679850380246,72,125,138
1679850380646,1679850380717,1679850380770,1679850380785,71,124,139
1679850381188,1679850381259,1679850381311,1679850381326,71,123,138
1679850381729,1679850381800,1679850381853,1679850381866,71,124,137
1679850382267,1679850382338,1679850382391,1679850382406,71,124,139
1679850382816,1679850382887,1679850382940,1679850382953,71,124,137
1679850383358,1679850383430,1679850383483,1679850383497,72,125,139
1679850383901,1679850383972,1679850384025,1679850384040,71,124,139
1679850384441,1679850384513,1679850384566,1679850384580,72,125,139
1679850384987,1679850385058,1679850385111,1679850385125,71,124,138
1679850385523,1679850385595,1679850385648,1679850385662,72,125,139
1679850386068,1679850386139,1679850386191,1679850386205,71,123,137
1679850386611,1679850386681,1679850386734,1679850386749,70,123,138
1679850387150,1679850387220,1679850387273,1679850387287,70,123,137
1679850387686,1679850387758,1679850387811,1679850387827,72,125,141
1679850388232,1679850388304,1679850388357,1679850388372,72,125,140
1679850388780,1679850388852,1679850388905,1679850388919,72,125,139
1679850389327,1679850389398,1679850389451,1679850389464,71,124,137
1679850389868,1679850389941,1679850389994,1679850390007,73,126,139
1679850390415,1679850390486,1679850390539,1679850390552,71,124,137
1679850390958,1679850391031,1679850391083,1679850391096,73,125,138
1679850391498,1679850391569,1679850391622,1679850391634,71,124,136
1679850392036,1679850392109,1679850392161,1679850392173,73,125,137
1679850392581,1679850392653,1679850392705,1679850392718,72,124,137
1679850393123,1679850393194,1679850393246,1679850393259,71,123,136
1679850393667,1679850393739,1679850393791,1679850393804,72,124,137
1679850394214,1679850394284,1679850394336,1679850394348,70,122,134
1679850394754,1679850394825,1679850394877,1679850394890,71,123,136
1679850395297,1679850395368,1679850395421,1679850395435,71,124,138
1679850395839,1679850395911,1679850395964,1679850395978,72,125,139
1679850396384,1679850396455,1679850396507,1679850396523,71,123,139
1679850396929,1679850397000,1679850397052,1679850397066,71,123,137
1679850397472,1679850397543,1679850397596,1679850397610,71,124,138
1679850398014,1679850398086,1679850398139,1679850398152,72,125,138
1679850398559,1679850398630,1679850398683,1679850398697,71,124,138
1679850399106,1679850399178,1679850399232,1679850399245,72,126,139
1679850399649,1679850399720,1679850399773,1679850399786,71,124,137
1679850400190,1679850400261,1679850400313,1679850400327,71,123,137
1679850400726,1679850400797,1679850400852,1679850400866,71,126,140
1679850401273,1679850401344,1679850401396,1679850401410,71,123,137
1679850401822,1679850401893,1679850401946,1679850401961,71,124,139
1679850402369,1679850402440,1679850402492,1679850402507,71,123,138
1679850402914,1679850402986,1679850403039,1679850403054,72,125,140
1679850403455,1679850403527,1679850403580,1679850403595,72,125,140
1679850404003,1679850404074,1679850404127,1679850404142,71,124,139
1679850404550,1679850404621,1679850404674,1679850404688,71,124,138
1679850405094,1679850405165,1679850405218,1679850405231,71,124,137
1679850405639,1679850405711,1679850405764,1679850405777,72,125,138
1679850406183,1679850406255,1679850406309,1679850406320,72,126,137
1679850406724,1679850406795,1679850406849,1679850406862,71,125,138
1679850407269,1679850407341,1679850407394,1679850407407,72,125,138
1679850407811,1679850407882,1679850407935,1679850407949,71,124,138
1679850408358,1679850408429,1679850408482,1679850408496,71,124,138
1679850408897,1679850408967,1679850409020,1679850409034,70,123,137
1679850409441,1679850409514,1679850409567,1679850409580,73,126,139
1679850409986,1679850410058,1679850410110,1679850410124,72,124,138
1679850410525,1679850410595,1679850410648,1679850410663,70,123,138
1679850411062,1679850411134,1679850411186,1679850411200,72,124,138
1679850411605,1679850411676,1679850411730,1679850411742,71,125,137
1679850412151,1679850412221,1679850412274,1679850412290,70,123,139
1679850412698,1679850412769,1679850412822,1679850412835,71,124,137
1679850413240,1679850413311,1679850413364,1679850413378,71,124,138
1679850413777,1679850413848,1679850413901,1679850413914,71,124,137
1679850414319,1679850414391,1679850414444,1679850414459,72,125,140
1679850414869,1679850414940,1679850414993,1679850415007,71,124,138
1679850415412,1679850415483,1679850415535,1679850415551,71,123,139
1679850415956,1679850416027,1679850416080,1679850416094,71,124,138
1679850416495,1679850416565,1679850416618,1679850416631,70,123,136
1679850417036,1679850417108,1679850417161,1679850417174,72,125,138
1679850417582,1679850417653,1679850417706,1679850417720,71,124,138
1679850418127,1679850418197,1679850418250,1679850418266,70,123,139
1679850418670,1679850418742,1679850418795,1679850418810,72,125,140
1679850419217,1679850419287,1679850419340,1679850419354,70,123,137
1679850419752,1679850419822,1679850419874,1679850419889,70,122,137
1679850420291,1679850420362,1679850420416,1679850420431,71,125,140
1679850420835,1679850420907,1679850420960,1679850420974,72,125,139
1679850421379,1679850421450,1679850421502,1679850421516,71,123,137
1679850421923,1679850421995,1679850422048,1679850422061,72,125,138
1679850422469,1679850422541,1679850422594,1679850422607,72,125,138
1679850423007,1679850423077,1679850423130,1679850423144,70,123,137
1679850423552,1679850423624,1679850423676,1679850423691,72,124,139
1679850424098,1679850424170,1679850424223,1679850424235,72,125,137
1679850424639,1679850424710,1679850424763,1679850424777,71,124,138
1679850425187,1679850425257,1679850425311,1679850425324,70,124,137
1679850425724,1679850425794,1679850425848,1679850425861,70,124,137
1679850426263,1679850426335,1679850426388,1679850426402,72,125,139
1679850426809,1679850426883,1679850426938,1679850426954,74,129,145
1679850427360,1679850427431,1679850427483,1679850427498,71,123,138
1679850427903,1679850427974,1679850428027,1679850428042,71,124,139
1679850428443,1679850428515,1679850428569,1679850428582,72,126,139
1679850428986,1679850429057,1679850429110,1679850429123,71,124,137
1679850429536,1679850429608,1679850429661,1679850429675,72,125,139
1679850430082,1679850430152,1679850430205,1679850430219,70,123,137
1679850430617,1679850430688,1679850430741,1679850430754,71,124,137
1679850431160,1679850431231,1679850431284,1679850431299,71,124,139
1679850431701,1679850431771,1679850431824,1679850431838,70,123,137
1679850432244,1679850432314,1679850432367,1679850432382,70,123,138
1679850432793,1679850432865,1679850432918,1679850432932,72,125,139
1679850433342,1679850433412,1679850433466,1679850433479,70,124,137
1679850433882,1679850433953,1679850434006,1679850434020,71,124,138
1679850434414,1679850434487,1679850434541,1679850434553,73,127,139
1679850434952,1679850435003,1679850435057,1679850435069,51,105,117
1679850435476,1679850435549,1679850435603,1679850435616,73,127,140
1679850436019,1679850436093,1679850436146,1679850436159,74,127,140
1679850436564,1679850436635,1679850436688,1679850436703,71,124,139
1679850437111,1679850437182,1679850437235,1679850437247,71,124,136
1679850437648,1679850437720,1679850437772,1679850437786,72,124,138
1679850438190,1679850438262,1679850438315,1679850438327,72,125,137
1679850438735,1679850438807,1679850438860,1679850438874,72,125,139
1679850439270,1679850439341,1679850439394,1679850439408,71,124,138
1679850439816,1679850439887,1679850439940,1679850439953,71,124,137
1679850440360,1679850440431,1679850440484,1679850440498,71,124,138
1679850440905,1679850440976,1679850441029,1679850441043,71,124,138
1679850441441,1679850441514,1679850441567,1679850441581,73,126,140
1679850441990,1679850442061,1679850442113,1679850442127,71,123,137
1679850442529,1679850442600,1679850442653,1679850442666,71,124,137
1679850443069,1679850443141,1679850443194,1679850443208,72,125,139
1679850443612,1679850443684,1679850443736,1679850443750,72,124,138
1679850444154,1679850444224,1679850444278,1679850444291,70,124,137
1679850444697,1679850444769,1679850444822,1679850444835,72,125,138
1679850445245,1679850445315,1679850445368,1679850445382,70,123,137
1679850445790,1679850445861,1679850445914,1679850445928,71,124,138
1679850446333,1679850446404,1679850446457,1679850446473,71,124,140
1679850446873,1679850446944,1679850446998,1679850447011,71,125,138
1679850447416,1679850447488,1679850447541,1679850447555,72,125,139
1679850447960,1679850448031,1679850448084,1679850448098,71,124,138
1679850448501,1679850448573,1679850448626,1679850448640,72,125,139
1679850449047,1679850449119,1679850449172,1679850449185,72,125,138
1679850449588,1679850449659,1679850449712,1679850449725,71,124,137
1679850450122,1679850450192,1679850450245,1679850450259,70,123,137
1679850450659,1679850450730,1679850450783,1679850450797,71,124,138
1679850451205,1679850451277,1679850451330,1679850451344,72,125,139
1679850451749,1679850451820,1679850451872,1679850451886,71,123,137
1679850452292,1679850452362,1679850452414,1679850452428,70,122,136
1679850452835,1679850452906,1679850452960,1679850452973,71,125,138
1679850453380,1679850453451,1679850453504,1679850453517,71,124,137
1679850453923,1679850453993,1679850454047,1679850454060,70,124,137
1679850454455,1679850454528,1679850454581,1679850454594,73,126,139
1679850454996,1679850455066,1679850455119,1679850455134,70,123,138
1679850455545,1679850455617,1679850455670,1679850455683,72,125,138
1679850456089,1679850456160,1679850456213,1679850456226,71,124,137
1679850456634,1679850456706,1679850456759,1679850456773,72,125,139
1679850457181,1679850457252,1679850457305,1679850457318,71,124,137
1679850457726,1679850457798,1679850457852,1679850457866,72,126,140
1679850458269,1679850458341,1679850458394,1679850458408,72,125,139
1679850458815,1679850458887,1679850458939,1679850458953,72,124,138
1679850459362,1679850459434,1679850459488,1679850459503,72,126,141
1679850459968,1679850460040,1679850460093,1679850460106,72,125,138
1679850460573,1679850460645,1679850460699,1679850460713,72,126,140
1679850461191,1679850461261,1679850461313,1679850461329,70,122,138
1679850461794,1679850461866,1679850461918,1679850461930,72,124,136
1679850462390,1679850462462,1679850462514,1679850462528,72,124,138
1679850462985,1679850463057,1679850463109,1679850463122,72,124,137
1679850463586,1679850463658,1679850463710,1679850463725,72,124,139
1679850464191,1679850464262,1679850464314,1679850464328,71,123,137
1679850464794,1679850464865,1679850464918,1679850464932,71,124,138
1679850465387,1679850465457,1679850465510,1679850465525,70,123,138
1679850466007,1679850466078,1679850466131,1679850466145,71,124,138
1679850466619,1679850466691,1679850466743,1679850466757,72,124,138
1679850467225,1679850467296,1679850467349,1679850467362,71,124,137
1679850467820,1679850467890,1679850467944,1679850467959,70,124,139
1679850468422,1679850468493,1679850468545,1679850468559,71,123,137
1679850469032,1679850469103,1679850469156,1679850469169,71,124,137
1679850469645,1679850469715,1679850469768,1679850469782,70,123,137
1679850470254,1679850470324,1679850470377,1679850470391,70,123,137
1679850470864,1679850470935,1679850470988,1679850471002,71,124,138
1679850471486,1679850471557,1679850471609,1679850471625,71,123,139
1679850472101,1679850472171,1679850472224,1679850472239,70,123,138
1679850472709,1679850472779,1679850472832,1679850472847,70,123,138
1679850473308,1679850473379,1679850473433,1679850473446,71,125,138
1679850473912,1679850473983,1679850474035,1679850474048,71,123,136
1679850474509,1679850474580,1679850474633,1679850474647,71,124,138
1679850475121,1679850475191,1679850475243,1679850475258,70,122,137
1679850475718,1679850475789,1679850475842,1679850475856,71,124,138
1679850476310,1679850476380,1679850476433,1679850476447,70,123,137
1679850476901,1679850476973,1679850477027,1679850477039,72,126,138
1679850477501,1679850477572,1679850477625,1679850477639,71,124,138
1679850478099,1679850478171,1679850478224,1679850478238,72,125,139
1679850478693,1679850478763,1679850478817,1679850478830,70,124,137
1679850479304,1679850479377,1679850479429,1679850479444,73,125,140
1679850479906,1679850479977,1679850480030,1679850480044,71,124,138
1679850480515,1679850480586,1679850480638,1679850480652,71,123,137
1679850481128,1679850481199,1679850481252,1679850481266,71,124,138
1679850481731,1679850481801,1679850481853,1679850481868,70,122,137
1679850482354,1679850482426,1679850482479,1679850482493,72,125,139
1679850482957,1679850483029,1679850483081,1679850483095,72,124,138
1679850483562,1679850483632,1679850483685,1679850483699,70,123,137
1679850484171,1679850484243,1679850484295,1679850484309,72,124,138
1679850484772,1679850484843,1679850484895,1679850484910,71,123,138
1679850485380,1679850485451,1679850485504,1679850485518,71,124,138
1679850485992,1679850486063,1679850486116,1679850486130,71,124,138
1679850486609,1679850486682,1679850486734,1679850486749,73,125,140
1679850487214,1679850487285,1679850487337,1679850487351,71,123,137
1679850487820,1679850487892,1679850487945,1679850487959,72,125,139
1679850488420,1679850488491,1679850488544,1679850488559,71,124,139
1679850489018,1679850489089,1679850489140,1679850489155,71,122,137
1679850489634,1679850489704,1679850489757,1679850489771,70,123,137
1679850490242,1679850490313,1679850490366,1679850490380,71,124,138
1679850490854,1679850490927,1679850490980,1679850490993,73,126,139
1679850491464,1679850491536,1679850491589,1679850491602,72,125,138
1679850492075,1679850492146,1679850492199,1679850492213,71,124,138
1679850492681,1679850492751,1679850492803,1679850492816,70,122,135
1679850493291,1679850493362,1679850493415,1679850493426,71,124,135
1679850493901,1679850493973,1679850494024,1679850494039,72,123,138
1679850494507,1679850494580,1679850494633,1679850494646,73,126,139
1679850495090,1679850495162,1679850495214,1679850495229,72,124,139
1679850495696,1679850495768,1679850495821,1679850495834,72,125,138
1679850496303,1679850496376,1679850496429,1679850496443,73,126,140
1679850496911,1679850496983,1679850497035,1679850497051,72,124,140
1679850497525,1679850497596,1679850497649,1679850497663,71,124,138
1679850498133,1679850498204,1679850498256,1679850498271,71,123,138
1679850498737,1679850498810,1679850498863,1679850498875,73,126,138
1679850499344,1679850499415,1679850499469,1679850499482,71,125,138
1679850499951,1679850500021,1679850500075,1679850500088,70,124,137
1679850500556,1679850500629,1679850500683,1679850500696,73,127,140
1679850501161,1679850501232,1679850501285,1679850501299,71,124,138
1679850501763,1679850501834,1679850501887,1679850501900,71,124,137
1679850502373,1679850502445,1679850502497,1679850502511,72,124,138
1679850502972,1679850503044,1679850503096,1679850503110,72,124,138
1679850503573,1679850503644,1679850503697,1679850503711,71,124,138
1679850504176,1679850504248,1679850504301,1679850504314,72,125,138
1679850504791,1679850504861,1679850504914,1679850504928,70,123,137
1679850505405,1679850505477,1679850505529,1679850505544,72,124,139
1679850506000,1679850506072,1679850506125,1679850506138,72,125,138
1679850506601,1679850506673,1679850506726,1679850506739,72,125,138
1679850507214,1679850507285,1679850507337,1679850507352,71,123,138
1679850507823,1679850507894,1679850507946,1679850507960,71,123,137
1679850508436,1679850508507,1679850508560,1679850508574,71,124,138
1679850509037,1679850509108,1679850509161,1679850509175,71,124,138
1679850509647,1679850509717,1679850509770,1679850509784,70,123,137
1679850510237,1679850510308,1679850510361,1679850510376,71,124,139
1679850510848,1679850510920,1679850510974,1679850510988,72,126,140
1679850511465,1679850511536,1679850511589,1679850511603,71,124,138
1679850512072,1679850512144,1679850512197,1679850512210,72,125,138
1679850512688,1679850512758,1679850512811,1679850512826,70,123,138
1679850513306,1679850513377,1679850513430,1679850513444,71,124,138
1679850513887,1679850513958,1679850514011,1679850514026,71,124,139
1679850514499,1679850514570,1679850514624,1679850514637,71,125,138
1679850515119,1679850515190,1679850515242,1679850515257,71,123,138
1679850515726,1679850515797,1679850515849,1679850515863,71,123,137
1679850516340,1679850516411,1679850516464,1679850516478,71,124,138
1679850516948,1679850517020,1679850517073,1679850517087,72,125,139
1679850517562,1679850517632,1679850517684,1679850517698,70,122,136
1679850518147,1679850518218,1679850518271,1679850518285,71,124,138
1679850518750,1679850518820,1679850518873,1679850518888,70,123,138
1679850519365,1679850519436,1679850519489,1679850519501,71,124,136
1679850519970,1679850520041,1679850520094,1679850520108,71,124,138
1679850520574,1679850520645,1679850520698,1679850520713,71,124,139
1679850521187,1679850521258,1679850521311,1679850521325,71,124,138
1679850521787,1679850521859,1679850521911,1679850521925,72,124,138
1679850522402,1679850522473,1679850522526,1679850522539,71,124,137
1679850523001,1679850523073,1679850523126,1679850523140,72,125,139
1679850523617,1679850523687,1679850523740,1679850523755,70,123,138
1679850524233,1679850524305,1679850524358,1679850524373,72,125,140
1679850524835,1679850524905,1679850524958,1679850524974,70,123,139
1679850525439,1679850525510,1679850525563,1679850525578,71,124,139
1679850526030,1679850526102,1679850526154,1679850526169,72,124,139
1679850526637,1679850526708,1679850526761,1679850526778,71,124,141
1679850527243,1679850527315,1679850527367,1679850527379,72,124,136
1679850527843,1679850527913,1679850527967,1679850527981,70,124,138
1679850528444,1679850528515,1679850528568,1679850528583,71,124,139
1679850529031,1679850529102,1679850529156,1679850529167,71,125,136
1679850529645,1679850529715,1679850529769,1679850529782,70,124,137
1679850530224,1679850530295,1679850530347,1679850530361,71,123,137
1679850530832,1679850530903,1679850530956,1679850530968,71,124,136
1679850531438,1679850531510,1679850531563,1679850531576,72,125,138
1679850532055,1679850532126,1679850532179,1679850532192,71,124,137
1679850532658,1679850532730,1679850532782,1679850532796,72,124,138
1679850533269,1679850533340,1679850533392,1679850533407,71,123,138
1679850533876,1679850533947,1679850534000,1679850534013,71,124,137
1679850534498,1679850534569,1679850534622,1679850534636,71,124,138
1679850535103,1679850535174,1679850535226,1679850535240,71,123,137
1679850535703,1679850535775,1679850535828,1679850535842,72,125,139
1679850536296,1679850536368,1679850536421,1679850536434,72,125,138
1679850536913,1679850536983,1679850537036,1679850537050,70,123,137
1679850537528,1679850537599,1679850537652,1679850537665,71,124,137
1679850538137,1679850538209,1679850538263,1679850538276,72,126,139
1679850538753,1679850538823,1679850538876,1679850538890,70,123,137
1679850539354,1679850539425,1679850539477,1679850539492,71,123,138
1679850539954,1679850540025,1679850540077,1679850540091,71,123,137
1679850540551,1679850540623,1679850540677,1679850540691,72,126,140
1679850541145,1679850541217,1679850541270,1679850541286,72,125,141
1679850541752,1679850541823,1679850541875,1679850541889,71,123,137
1679850542353,1679850542423,1679850542476,1679850542491,70,123,138
1679850542970,1679850543041,1679850543095,1679850543110,71,125,140
1679850543581,1679850543652,1679850543704,1679850543719,71,123,138
1679850544183,1679850544254,1679850544306,1679850544320,71,123,137
1679850544796,1679850544868,1679850544922,1679850544935,72,126,139
1679850545409,1679850545481,1679850545534,1679850545548,72,125,139
1679850546022,1679850546094,1679850546147,1679850546160,72,125,138
1679850546619,1679850546689,1679850546742,1679850546758,70,123,139
1679850547227,1679850547298,1679850547350,1679850547365,71,123,138
1679850547840,1679850547912,1679850547966,1679850547980,72,126,140
1679850548462,1679850548535,1679850548588,1679850548601,73,126,139
1679850549069,1679850549141,1679850549194,1679850549207,72,125,138
1679850549664,1679850549735,1679850549788,1679850549802,71,124,138
1679850550278,1679850550349,1679850550402,1679850550416,71,124,138
1679850550893,1679850550966,1679850551018,1679850551033,73,125,140
1679850551508,1679850551578,1679850551631,1679850551646,70,123,138
1679850552118,1679850552188,1679850552241,1679850552255,70,123,137
1679850552720,1679850552792,1679850552845,1679850552859,72,125,139
1679850553326,1679850553397,1679850553450,1679850553464,71,124,138
1679850553926,1679850553997,1679850554049,1679850554064,71,123,138
1679850554529,1679850554599,1679850554652,1679850554666,70,123,137
1679850555128,1679850555199,1679850555252,1679850555266,71,124,138
1679850555738,1679850555809,1679850555862,1679850555877,71,124,139
1679850556343,1679850556415,1679850556468,1679850556483,72,125,140
1679850556954,1679850557026,1679850557078,1679850557092,72,124,138
1679850557554,1679850557625,1679850557678,1679850557691,71,124,137
1679850558158,1679850558229,1679850558282,1679850558295,71,124,137
1679850558760,1679850558831,1679850558883,1679850558898,71,123,138
1679850559375,1679850559447,1679850559500,1679850559515,72,125,140
1679850559977,1679850560049,1679850560101,1679850560115,72,124,138
1679850560576,1679850560648,1679850560701,1679850560715,72,125,139
1679850561199,1679850561273,1679850561326,1679850561339,74,127,140
1679850561798,1679850561870,1679850561923,1679850561935,72,125,137
1679850562391,1679850562463,1679850562516,1679850562530,72,125,139
1679850562992,1679850563064,1679850563116,1679850563130,72,124,138
1679850563607,1679850563679,1679850563731,1679850563744,72,124,137
1679850564206,1679850564277,1679850564330,1679850564344,71,124,138
1679850564819,1679850564890,1679850564943,1679850564957,71,124,138
1679850565429,1679850565500,1679850565553,1679850565566,71,124,137
1679850566032,1679850566103,1679850566155,1679850566169,71,123,137
1679850566629,1679850566699,1679850566753,1679850566766,70,124,137
1679850567235,1679850567306,1679850567359,1679850567371,71,124,136
1679850567847,1679850567918,1679850567971,1679850567985,71,124,138
1679850568444,1679850568517,1679850568569,1679850568583,73,125,139
1679850569048,1679850569119,1679850569172,1679850569186,71,124,138
1679850569658,1679850569729,1679850569782,1679850569795,71,124,137
1679850570262,1679850570335,1679850570387,1679850570401,73,125,139
1679850570884,1679850570954,1679850571006,1679850571020,70,122,136
1679850571492,1679850571564,1679850571617,1679850571631,72,125,139
1679850572104,1679850572175,1679850572228,1679850572241,71,124,137
1679850572705,1679850572776,1679850572829,1679850572843,71,124,138
1679850573296,1679850573367,1679850573420,1679850573433,71,124,137
1679850573902,1679850573973,1679850574026,1679850574040,71,124,138
1679850574513,1679850574584,1679850574637,1679850574652,71,124,139
1679850575104,1679850575175,1679850575228,1679850575242,71,124,138
1679850575719,1679850575790,1679850575843,1679850575856,71,124,137
1679850576315,1679850576386,1679850576439,1679850576454,71,124,139
1679850576924,1679850576996,1679850577050,1679850577064,72,126,140
1679850577531,1679850577602,1679850577655,1679850577669,71,124,138
1679850578138,1679850578210,1679850578262,1679850578276,72,124,138
1679850578742,1679850578813,1679850578867,1679850578880,71,125,138
1679850579348,1679850579420,1679850579473,1679850579487,72,125,139
1679850579960,1679850580032,1679850580084,1679850580098,72,124,138
1679850580574,1679850580646,1679850580699,1679850580713,72,125,139
1679850581184,1679850581255,1679850581308,1679850581322,71,124,138
1679850581775,1679850581847,1679850581900,1679850581913,72,125,138
1679850582386,1679850582457,1679850582509,1679850582524,71,123,138
1679850582988,1679850583059,1679850583111,1679850583125,71,123,137
1679850583597,1679850583667,1679850583720,1679850583735,70,123,138
1679850584206,1679850584278,1679850584330,1679850584344,72,124,138
1679850584816,1679850584887,1679850584940,1679850584954,71,124,138
1679850585414,1679850585490,1679850585542,1679850585556,76,128,142
1679850586037,1679850586107,1679850586160,1679850586174,70,123,137
1679850586640,1679850586712,1679850586764,1679850586778,72,124,138
1679850587239,1679850587311,1679850587364,1679850587377,72,125,138
1679850587848,1679850587919,1679850587972,1679850587987,71,124,139
1679850588438,1679850588510,1679850588562,1679850588576,72,124,138
1679850589041,1679850589112,1679850589166,1679850589180,71,125,139
1679850589649,1679850589720,1679850589773,1679850589788,71,124,139
1679850590260,1679850590331,1679850590384,1679850590399,71,124,139
1679850590869,1679850590940,1679850590993,1679850591007,71,124,138
1679850591474,1679850591545,1679850591598,1679850591612,71,124,138
1679850592073,1679850592145,1679850592197,1679850592211,72,124,138
1679850592675,1679850592746,1679850592799,1679850592812,71,124,137
1679850593274,1679850593345,1679850593398,1679850593412,71,124,138
1679850593890,1679850593961,1679850594014,1679850594028,71,124,138
1679850594499,1679850594570,1679850594623,1679850594636,71,124,137
1679850595096,1679850595167,1679850595219,1679850595233,71,123,137
1679850595701,1679850595773,1679850595825,1679850595840,72,124,139
1679850596295,1679850596366,1679850596419,1679850596434,71,124,139
1679850596913,1679850596985,1679850597038,1679850597052,72,125,139
1679850597527,1679850597598,1679850597650,1679850597664,71,123,137
1679850598122,1679850598195,1679850598249,1679850598261,73,127,139
1679850598742,1679850598812,1679850598865,1679850598880,70,123,138
1679850599356,1679850599426,1679850599479,1679850599493,70,123,137
1679850599969,1679850600041,1679850600093,1679850600108,72,124,139
1679850600561,1679850600634,1679850600687,1679850600700,73,126,139
1679850601149,1679850601220,1679850601273,1679850601286,71,124,137
1679850601745,1679850601817,1679850601869,1679850601883,72,124,138
1679850602349,1679850602419,1679850602472,1679850602488,70,123,139
1679850602959,1679850603032,1679850603084,1679850603098,73,125,139
1679850603574,1679850603645,1679850603697,1679850603712,71,123,138
1679850604174,1679850604244,1679850604297,1679850604311,70,123,137
1679850604775,1679850604846,1679850604899,1679850604913,71,124,138
1679850605375,1679850605447,1679850605499,1679850605513,72,124,138
1679850605969,1679850606041,1679850606094,1679850606107,72,125,138
1679850606576,1679850606648,1679850606701,1679850606714,72,125,138
1679850607196,1679850607267,1679850607321,1679850607334,71,125,138
1679850607809,1679850607880,1679850607933,1679850607946,71,124,137
1679850608420,1679850608492,1679850608544,1679850608559,72,124,139
1679850609036,1679850609107,1679850609160,1679850609173,71,124,137
1679850609636,1679850609708,1679850609761,1679850609775,72,125,139
1679850610245,1679850610317,1679850610370,1679850610383,72,125,138
1679850610855,1679850610928,1679850610980,1679850610994,73,125,139
1679850611452,1679850611523,1679850611575,1679850611589,71,123,137
1679850612073,1679850612146,1679850612199,1679850612212,73,126,139
1679850612686,1679850612758,1679850612811,1679850612823,72,125,137
1679850613302,1679850613373,1679850613426,1679850613440,71,124,138
1679850613915,1679850613986,1679850614038,1679850614052,71,123,137
1679850614530,1679850614601,1679850614653,1679850614667,71,123,137
1679850615142,1679850615213,1679850615265,1679850615280,71,123,138
1679850615749,1679850615820,1679850615873,1679850615888,71,124,139
1679850616368,1679850616440,1679850616492,1679850616507,72,124,139
1679850616980,1679850617051,1679850617105,1679850617118,71,125,138
1679850617588,1679850617658,1679850617711,1679850617726,70,123,138
1679850618205,1679850618275,1679850618328,1679850618342,70,123,137
1679850618813,1679850618884,1679850618937,1679850618950,71,124,137
1679850619430,1679850619501,1679850619553,1679850619569,71,123,139
1679850620032,1679850620103,1679850620156,1679850620171,71,124,139
1679850620628,1679850620699,1679850620752,1679850620766,71,124,138
1679850621222,1679850621293,1679850621345,1679850621359,71,123,137
1679850621837,1679850621908,1679850621961,1679850621974,71,124,137
1679850622438,1679850622511,1679850622564,1679850622577,73,126,139
1679850623055,1679850623127,1679850623179,1679850623193,72,124,138
1679850623663,1679850623734,1679850623786,1679850623801,71,123,138
1679850624269,1679850624340,1679850624392,1679850624405,71,123,136
1679850624875,1679850624946,1679850624998,1679850625012,71,123,137
1679850625482,1679850625553,1679850625606,1679850625619,71,124,137
1679850626088,1679850626159,1679850626212,1679850626226,71,124,138
1679850626687,1679850626757,1679850626810,1679850626824,70,123,137
1679850627296,1679850627366,1679850627419,1679850627433,70,123,137
1679850627905,1679850627976,1679850628029,1679850628043,71,124,138
1679850628513,1679850628585,1679850628638,1679850628652,72,125,139
1679850629113,1679850629185,1679850629239,1679850629252,72,126,139
1679850629716,1679850629786,1679850629839,1679850629854,70,123,138
1679850630312,1679850630383,1679850630436,1679850630450,71,124,138
1679850630916,1679850630987,1679850631040,1679850631054,71,124,138
1679850631523,1679850631593,1679850631646,1679850631660,70,123,137
1679850632128,1679850632199,1679850632250,1679850632266,71,122,138
1679850632739,1679850632810,1679850632863,1679850632877,71,124,138
1679850633356,1679850633426,1679850633479,1679850633493,70,123,137
1679850633954,1679850634025,1679850634078,1679850634093,71,124,139
1679850634559,1679850634630,1679850634682,1679850634696,71,123,137
1679850635149,1679850635220,1679850635273,1679850635287,71,124,138
1679850635755,1679850635828,1679850635881,1679850635895,73,126,140
1679850636368,1679850636439,1679850636492,1679850636506,71,124,138
1679850636972,1679850637043,1679850637096,1679850637110,71,124,138
1679850637584,1679850637655,1679850637708,1679850637723,71,124,139
1679850638180,1679850638251,1679850638303,1679850638318,71,123,138
1679850638790,1679850638861,1679850638913,1679850638927,71,123,137
1679850639387,1679850639458,1679850639510,1679850639523,71,123,136
1679850639991,1679850640063,1679850640115,1679850640129,72,124,138
1679850640589,1679850640660,1679850640714,1679850640727,71,125,138
1679850641200,1679850641273,1679850641326,1679850641340,73,126,140
1679850641810,1679850641882,1679850641935,1679850641949,72,125,139
1679850642413,1679850642485,1679850642538,1679850642551,72,125,138
1679850643023,1679850643095,1679850643148,1679850643162,72,125,139
1679850643634,1679850643706,1679850643758,1679850643772,72,124,138
1679850644237,1679850644307,1679850644360,1679850644374,70,123,137
1679850644852,1679850644923,1679850644976,1679850644989,71,124,137
1679850645464,1679850645536,1679850645588,1679850645603,72,124,139
1679850646061,1679850646134,1679850646187,1679850646201,73,126,140
1679850646670,1679850646741,1679850646829,1679850646843,71,159,173
1679850647299,1679850647371,1679850647425,1679850647438,72,126,139
1679850647903,1679850647974,1679850648027,1679850648041,71,124,138
1679850648518,1679850648589,1679850648642,1679850648657,71,124,139
1679850649130,1679850649202,1679850649255,1679850649268,72,125,138
1679850649737,1679850649808,1679850649861,1679850649875,71,124,138
1679850650350,1679850650420,1679850650473,1679850650489,70,123,139
1679850650956,1679850651029,1679850651082,1679850651095,73,126,139
1679850651559,1679850651630,1679850651683,1679850651696,71,124,137
1679850652159,1679850652231,1679850652284,1679850652297,72,125,138
1679850652775,1679850652846,1679850652899,1679850652913,71,124,138
1679850653363,1679850653434,1679850653488,1679850653502,71,125,139
1679850653974,1679850654046,1679850654099,1679850654113,72,125,139
1679850654593,1679850654663,1679850654716,1679850654730,70,123,137
1679850655200,1679850655272,1679850655325,1679850655340,72,125,140
1679850655797,1679850655869,1679850655922,1679850655934,72,125,137
1679850656405,1679850656476,1679850656528,1679850656541,71,123,136
1679850657011,1679850657082,1679850657135,1679850657148,71,124,137
1679850657627,1679850657697,1679850657750,1679850657764,70,123,137
1679850658238,1679850658310,1679850658363,1679850658377,72,125,139
1679850658821,1679850658893,1679850658946,1679850658961,72,125,140
1679850659430,1679850659500,1679850659553,1679850659566,70,123,136
1679850660021,1679850660092,1679850660144,1679850660159,71,123,138
1679850660628,1679850660698,1679850660750,1679850660765,70,122,137
1679850661241,1679850661313,1679850661365,1679850661380,72,124,139
1679850661845,1679850661915,1679850661969,1679850661982,70,124,137
1679850662435,1679850662508,1679850662561,1679850662575,73,126,140
1679850663044,1679850663116,1679850663169,1679850663184,72,125,140
1679850663654,1679850663724,1679850663776,1679850663791,70,122,137
1679850664251,1679850664321,1679850664374,1679850664388,70,123,137
1679850664862,1679850664933,1679850664985,1679850665001,71,123,139
1679850665467,1679850665538,1679850665591,1679850665605,71,124,138
1679850666072,1679850666144,1679850666197,1679850666211,72,125,139
1679850666683,1679850666754,1679850666808,1679850666821,71,125,138
1679850667266,1679850667337,1679850667390,1679850667403,71,124,137
1679850667872,1679850667943,1679850667995,1679850668011,71,123,139
1679850668483,1679850668554,1679850668607,1679850668621,71,124,138
1679850669095,1679850669166,1679850669218,1679850669232,71,123,137
1679850669705,1679850669778,1679850669831,1679850669845,73,126,140
1679850670316,1679850670387,1679850670440,1679850670454,71,124,138
1679850670921,1679850670992,1679850671045,1679850671058,71,124,137
1679850671535,1679850671606,1679850671659,1679850671673,71,124,138
1679850672138,1679850672208,1679850672261,1679850672275,70,123,137
1679850672732,1679850672803,1679850672856,1679850672870,71,124,138
1679850673346,1679850673416,1679850673469,1679850673483,70,123,137
1679850673961,1679850674033,1679850674086,1679850674100,72,125,139
1679850674569,1679850674641,1679850674693,1679850674707,72,124,138
1679850675165,1679850675236,1679850675289,1679850675304,71,124,139
1679850675764,1679850675835,1679850675888,1679850675902,71,124,138
1679850676371,1679850676442,1679850676495,1679850676508,71,124,137
1679850676980,1679850677051,1679850677103,1679850677117,71,123,137
1679850677589,1679850677660,1679850677712,1679850677727,71,123,138
1679850678208,1679850678278,1679850678331,1679850678345,70,123,137
1679850678810,1679850678882,1679850678936,1679850678950,72,126,140
1679850679427,1679850679498,1679850679551,1679850679565,71,124,138
1679850680038,1679850680109,1679850680161,1679850680175,71,123,137
1679850680644,1679850680715,1679850680769,1679850680783,71,125,139
1679850681259,1679850681331,1679850681384,1679850681397,72,125,138
1679850681867,1679850681938,1679850681991,1679850682004,71,124,137
1679850682471,1679850682542,1679850682595,1679850682608,71,124,137
1679850683063,1679850683135,1679850683188,1679850683202,72,125,139
1679850683655,1679850683726,1679850683778,1679850683793,71,123,138
1679850684258,1679850684328,1679850684381,1679850684395,70,123,137
1679850684856,1679850684927,1679850684980,1679850684995,71,124,139
1679850685480,1679850685552,1679850685604,1679850685619,72,124,139
1679850686080,1679850686150,1679850686203,1679850686216,70,123,136
1679850686687,1679850686759,1679850686812,1679850686824,72,125,137
1679850687294,1679850687365,1679850687417,1679850687431,71,123,137
1679850687911,1679850687982,1679850688035,1679850688049,71,124,138
1679850688523,1679850688593,1679850688646,1679850688660,70,123,137
1679850689133,1679850689204,1679850689257,1679850689270,71,124,137
1679850689739,1679850689810,1679850689863,1679850689877,71,124,138
1679850690342,1679850690413,1679850690467,1679850690480,71,125,138
1679850690942,1679850691013,1679850691066,1679850691079,71,124,137
1679850691555,1679850691627,1679850691679,1679850691694,72,124,139
1679850692154,1679850692224,1679850692276,1679850692291,70,122,137
1679850692744,1679850692815,1679850692868,1679850692882,71,124,138
1679850693360,1679850693431,1679850693483,1679850693498,71,123,138
1679850693977,1679850694048,1679850694101,1679850694115,71,124,138
1679850694579,1679850694651,1679850694704,1679850694718,72,125,139
1679850695189,1679850695260,1679850695313,1679850695328,71,124,139
1679850695795,1679850695865,1679850695918,1679850695933,70,123,138
1679850696384,1679850696454,1679850696508,1679850696522,70,124,138
1679850696997,1679850697067,1679850697120,1679850697133,70,123,136
1679850697606,1679850697677,1679850697730,1679850697743,71,124,137
1679850698213,1679850698284,1679850698337,1679850698351,71,124,138
1679850698821,1679850698892,1679850698944,1679850698958,71,123,137
1679850699425,1679850699496,1679850699548,1679850699562,71,123,137
1679850700036,1679850700107,1679850700160,1679850700173,71,124,137
1679850700628,1679850700698,1679850700751,1679850700766,70,123,138
1679850701231,1679850701302,1679850701355,1679850701368,71,124,137
1679850701826,1679850701897,1679850701950,1679850701964,71,124,138
1679850702440,1679850702512,1679850702565,1679850702578,72,125,138
1679850703044,1679850703115,1679850703168,1679850703182,71,124,138
1679850703659,1679850703730,1679850703783,1679850703796,71,124,137
1679850704251,1679850704321,1679850704374,1679850704389,70,123,138
1679850704857,1679850704928,1679850704981,1679850704995,71,124,138
1679850705467,1679850705538,1679850705590,1679850705605,71,123,138
1679850706072,1679850706144,1679850706196,1679850706210,72,124,138
1679850706673,1679850706745,1679850706798,1679850706812,72,125,139
1679850707272,1679850707344,1679850707397,1679850707410,72,125,138
1679850707883,1679850707954,1679850708007,1679850708021,71,124,138
1679850708482,1679850708553,1679850708605,1679850708619,71,123,137
1679850709090,1679850709161,1679850709214,1679850709229,71,124,139
1679850709706,1679850709777,1679850709830,1679850709845,71,124,139
1679850710312,1679850710383,1679850710436,1679850710451,71,124,139
1679850710925,1679850710996,1679850711048,1679850711063,71,123,138
1679850711532,1679850711603,1679850711655,1679850711669,71,123,137
1679850712133,1679850712204,1679850712256,1679850712270,71,123,137
1679850712739,1679850712812,1679850712865,1679850712877,73,126,138
1679850713352,1679850713423,1679850713475,1679850713490,71,123,138
1679850713970,1679850714041,1679850714094,1679850714109,71,124,139
1679850714567,1679850714638,1679850714690,1679850714703,71,123,136
1679850715179,1679850715250,1679850715303,1679850715317,71,124,138
1679850715781,1679850715852,1679850715905,1679850715919,71,124,138
1679850716378,1679850716450,1679850716503,1679850716517,72,125,139
1679850716992,1679850717063,1679850717116,1679850717129,71,124,137
1679850717598,1679850717669,1679850717721,1679850717736,71,123,138
1679850718211,1679850718282,1679850718335,1679850718349,71,124,138
1679850718821,1679850718892,1679850718945,1679850718959,71,124,138
1679850719423,1679850719494,1679850719547,1679850719561,71,124,138
1679850720022,1679850720092,1679850720145,1679850720159,70,123,137
1679850720621,1679850720692,1679850720744,1679850720758,71,123,137
1679850721227,1679850721299,1679850721353,1679850721366,72,126,139
1679850721831,1679850721901,1679850721953,1679850721968,70,122,137
1679850722443,1679850722514,1679850722567,1679850722581,71,124,138
1679850723043,1679850723114,1679850723168,1679850723182,71,125,139
1679850723645,1679850723716,1679850723769,1679850723783,71,124,138
1679850724260,1679850724330,1679850724383,1679850724397,70,123,137
1679850724865,1679850724937,1679850724990,1679850725004,72,125,139
1679850725457,1679850725528,1679850725581,1679850725595,71,124,138
1679850726066,1679850726136,1679850726189,1679850726205,70,123,139
