1679771313859,1679771314584,1679771314597,1679771314645,725,738,786
1679771314658,1679771315397,1679771315407,1679771315454,739,749,796
1679771315467,1679771316199,1679771316210,1679771316251,732,743,784
1679771316261,1679771316997,1679771317013,1679771317061,736,752,800
1679771317076,1679771317785,1679771317796,1679771317839,709,720,763
1679771317849,1679771318561,1679771318574,1679771318613,712,725,764
1679771318623,1679771319327,1679771319342,1679771319383,704,719,760
1679771319393,1679771320131,1679771320144,1679771320189,738,751,796
1679771320200,1679771320928,1679771320940,1679771320988,728,740,788
1679771320996,1679771321709,1679771321719,1679771321761,713,723,765
1679771321772,1679771322506,1679771322521,1679771322572,734,749,800
1679771322580,1679771323315,1679771323327,1679771323369,735,747,789
1679771323378,1679771324109,1679771324122,1679771324169,731,744,791
1679771324182,1679771324883,1679771324895,1679771325027,701,713,845
1679771325034,1679771325672,1679771325684,1679771325737,638,650,703
1679771325750,1679771326474,1679771326486,1679771326530,724,736,780
1679771326542,1679771327268,1679771327280,1679771327332,726,738,790
1679771327344,1679771328074,1679771328086,1679771328134,730,742,790
1679771328145,1679771328869,1679771328881,1679771328923,724,736,778
1679771328932,1679771329672,1679771329683,1679771329728,740,751,796
1679771329741,1679771330450,1679771330461,1679771330504,709,720,763
1679771330516,1679771331261,1679771331272,1679771331325,745,756,809
1679771331333,1679771332059,1679771332072,1679771332116,726,739,783
1679771332128,1679771332850,1679771332863,1679771332903,722,735,775
1679771332915,1679771333647,1679771333660,1679771333707,732,745,792
1679771333715,1679771334432,1679771334445,1679771334490,717,730,775
1679771334500,1679771335231,1679771335242,1679771335290,731,742,790
1679771335301,1679771336027,1679771336040,1679771336094,726,739,793
1679771336104,1679771336779,1679771336791,1679771336838,675,687,734
1679771336848,1679771337558,1679771337569,1679771337617,710,721,769
1679771337630,1679771338359,1679771338374,1679771338424,729,744,794
1679771338433,1679771339155,1679771339168,1679771339223,722,735,790
1679771339231,1679771339957,1679771339969,1679771340015,726,738,784
1679771340024,1679771340749,1679771340763,1679771340812,725,739,788
1679771340822,1679771341538,1679771341551,1679771341600,716,729,778
1679771341611,1679771342323,1679771342334,1679771342375,712,723,764
1679771342390,1679771343111,1679771343122,1679771343174,721,732,784
1679771343186,1679771343921,1679771343935,1679771343982,735,749,796
1679771343994,1679771344717,1679771344729,1679771344780,723,735,786
1679771344790,1679771345506,1679771345516,1679771345560,716,726,770
1679771345575,1679771346292,1679771346306,1679771346348,717,731,773
1679771346358,1679771347083,1679771347096,1679771347142,725,738,784
1679771347151,1679771347854,1679771347865,1679771347909,703,714,758
1679771347920,1679771348634,1679771348648,1679771348693,714,728,773
1679771348703,1679771349431,1679771349443,1679771349486,728,740,783
1679771349499,1679771350208,1679771350220,1679771350272,709,721,773
1679771350281,1679771351014,1679771351027,1679771351079,733,746,798
1679771351087,1679771351785,1679771351796,1679771351837,698,709,750
1679771351845,1679771352573,1679771352588,1679771352633,728,743,788
1679771352645,1679771353379,1679771353391,1679771353436,734,746,791
1679771353448,1679771354183,1679771354194,1679771354238,735,746,790
1679771354252,1679771354975,1679771354987,1679771355031,723,735,779
1679771355042,1679771355765,1679771355776,1679771355821,723,734,779
1679771355833,1679771356573,1679771356584,1679771356632,740,751,799
1679771356640,1679771357351,1679771357364,1679771357411,711,724,771
1679771357421,1679771358141,1679771358153,1679771358199,720,732,778
1679771358213,1679771358946,1679771358961,1679771359016,733,748,803
1679771359028,1679771359741,1679771359755,1679771359797,713,727,769
1679771359809,1679771360542,1679771360555,1679771360602,733,746,793
1679771360613,1679771361331,1679771361343,1679771361390,718,730,777
1679771361401,1679771362138,1679771362150,1679771362204,737,749,803
1679771362217,1679771362932,1679771362942,1679771362983,715,725,766
1679771362995,1679771363732,1679771363744,1679771363796,737,749,801
1679771363806,1679771364541,1679771364555,1679771364602,735,749,796
1679771364615,1679771365344,1679771365355,1679771365488,729,740,873
1679771365495,1679771366152,1679771366165,1679771366209,657,670,714
1679771366223,1679771367006,1679771367020,1679771367071,783,797,848
1679771367081,1679771367831,1679771367842,1679771367885,750,761,804
1679771367897,1679771368610,1679771368622,1679771368664,713,725,767
1679771368678,1679771369394,1679771369407,1679771369459,716,729,781
1679771369466,1679771370185,1679771370198,1679771370245,719,732,779
1679771370255,1679771370980,1679771370991,1679771371035,725,736,780
1679771371050,1679771371764,1679771371774,1679771371820,714,724,770
1679771371833,1679771372560,1679771372572,1679771372619,727,739,786
1679771372631,1679771373359,1679771373371,1679771373411,728,740,780
1679771373423,1679771374154,1679771374166,1679771374205,731,743,782
1679771374215,1679771374940,1679771374951,1679771375003,725,736,788
1679771375013,1679771375739,1679771375753,1679771375802,726,740,789
1679771375816,1679771376539,1679771376551,1679771376598,723,735,782
1679771376610,1679771377344,1679771377355,1679771377402,734,745,792
1679771377415,1679771378135,1679771378150,1679771378202,720,735,787
1679771378212,1679771378923,1679771378938,1679771378987,711,726,775
1679771378997,1679771379714,1679771379726,1679771379774,717,729,777
1679771379784,1679771380517,1679771380529,1679771380576,733,745,792
1679771380587,1679771381302,1679771381313,1679771381356,715,726,769
1679771381367,1679771382094,1679771382106,1679771382146,727,739,779
1679771382156,1679771382851,1679771382864,1679771382901,695,708,745
1679771382912,1679771383626,1679771383639,1679771383679,714,727,767
1679771383689,1679771384416,1679771384427,1679771384471,727,738,782
1679771384485,1679771385233,1679771385249,1679771385295,748,764,810
1679771385304,1679771386141,1679771386154,1679771386284,837,850,980
1679771386292,1679771386912,1679771386924,1679771386964,620,632,672
1679771386974,1679771387703,1679771387718,1679771387766,729,744,792
1679771387776,1679771388483,1679771388494,1679771388536,707,718,760
1679771388546,1679771389232,1679771389245,1679771389291,686,699,745
1679771389301,1679771389977,1679771389989,1679771390031,676,688,730
1679771390042,1679771390769,1679771390783,1679771390838,727,741,796
1679771390848,1679771391550,1679771391561,1679771391598,702,713,750
1679771391609,1679771392286,1679771392298,1679771392334,677,689,725
1679771392345,1679771393035,1679771393046,1679771393085,690,701,740
1679771393094,1679771393795,1679771393806,1679771393846,701,712,752
1679771393857,1679771394535,1679771394547,1679771394587,678,690,730
1679771394599,1679771395271,1679771395283,1679771395322,672,684,723
1679771395330,1679771396014,1679771396026,1679771396069,684,696,739
1679771396081,1679771396762,1679771396773,1679771396813,681,692,732
1679771396826,1679771397500,1679771397512,1679771397554,674,686,728
1679771397565,1679771398238,1679771398249,1679771398290,673,684,725
1679771398301,1679771398978,1679771398992,1679771399033,677,691,732
1679771399044,1679771399774,1679771399787,1679771399835,730,743,791
1679771399849,1679771400543,1679771400556,1679771400596,694,707,747
1679771400607,1679771401282,1679771401293,1679771401334,675,686,727
1679771401345,1679771402016,1679771402027,1679771402067,671,682,722
1679771402077,1679771402749,1679771402761,1679771402802,672,684,725
1679771402811,1679771403484,1679771403495,1679771403536,673,684,725
1679771403547,1679771404231,1679771404244,1679771404288,684,697,741
1679771404296,1679771404973,1679771404983,1679771405113,677,687,817
1679771405120,1679771405748,1679771405761,1679771405809,628,641,689
1679771405821,1679771406520,1679771406532,1679771406573,699,711,752
1679771406583,1679771407248,1679771407260,1679771407300,665,677,717
1679771407309,1679771407991,1679771408002,1679771408129,682,693,820
1679771408135,1679771408740,1679771408751,1679771408791,605,616,656
1679771408803,1679771409472,1679771409484,1679771409520,669,681,717
1679771409528,1679771410196,1679771410208,1679771410248,668,680,720
1679771410259,1679771410930,1679771410941,1679771410981,671,682,722
1679771410990,1679771411674,1679771411686,1679771411813,684,696,823
1679771411820,1679771412450,1679771412461,1679771412511,630,641,691
1679771412521,1679771413248,1679771413262,1679771413309,727,741,788
1679771413322,1679771414018,1679771414029,1679771414069,696,707,747
1679771414079,1679771414754,1679771414765,1679771414812,675,686,733
1679771414820,1679771415494,1679771415506,1679771415547,674,686,727
1679771415555,1679771416240,1679771416251,1679771416289,685,696,734
1679771416302,1679771416970,1679771416982,1679771417021,668,680,719
1679771417037,1679771417746,1679771417757,1679771417798,709,720,761
1679771417808,1679771418481,1679771418493,1679771418537,673,685,729
1679771418544,1679771419196,1679771419208,1679771419246,652,664,702
1679771419256,1679771419930,1679771419943,1679771419987,674,687,731
1679771419995,1679771420672,1679771420684,1679771420723,677,689,728
1679771420735,1679771421408,1679771421420,1679771421461,673,685,726
1679771421470,1679771422143,1679771422154,1679771422194,673,684,724
1679771422205,1679771422884,1679771422896,1679771422936,679,691,731
1679771422945,1679771423616,1679771423628,1679771423669,671,683,724
1679771423680,1679771424352,1679771424364,1679771424403,672,684,723
1679771424411,1679771425093,1679771425105,1679771425148,682,694,737
1679771425159,1679771425840,1679771425852,1679771425892,681,693,733
1679771425904,1679771426615,1679771426627,1679771426666,711,723,762
1679771426675,1679771427355,1679771427368,1679771427410,680,693,735
1679771427421,1679771428103,1679771428114,1679771428155,682,693,734
1679771428165,1679771428842,1679771428852,1679771428895,677,687,730
1679771428906,1679771429579,1679771429591,1679771429632,673,685,726
1679771429643,1679771430317,1679771430329,1679771430368,674,686,725
1679771430380,1679771431061,1679771431073,1679771431113,681,693,733
1679771431123,1679771431804,1679771431815,1679771431942,681,692,819
1679771431949,1679771432589,1679771432600,1679771432647,640,651,698
1679771432658,1679771433352,1679771433363,1679771433403,694,705,745
1679771433412,1679771434093,1679771434105,1679771434149,681,693,737
1679771434157,1679771434831,1679771434843,1679771434883,674,686,726
1679771434895,1679771435573,1679771435585,1679771435622,678,690,727
1679771435634,1679771436312,1679771436325,1679771436375,678,691,741
1679771436383,1679771437051,1679771437063,1679771437103,668,680,720
1679771437113,1679771437796,1679771437807,1679771437847,683,694,734
1679771437858,1679771438532,1679771438543,1679771438583,674,685,725
1679771438594,1679771439268,1679771439279,1679771439319,674,685,725
1679771439331,1679771439998,1679771440010,1679771440052,667,679,721
1679771440061,1679771440743,1679771440755,1679771440794,682,694,733
1679771440804,1679771441483,1679771441495,1679771441539,679,691,735
1679771441548,1679771442215,1679771442227,1679771442267,667,679,719
1679771442275,1679771442947,1679771442957,1679771442996,672,682,721
1679771443005,1679771443680,1679771443692,1679771443731,675,687,726
1679771443741,1679771444418,1679771444431,1679771444470,677,690,729
1679771444481,1679771445156,1679771445166,1679771445204,675,685,723
1679771445214,1679771445893,1679771445905,1679771445947,679,691,733
1679771445957,1679771446621,1679771446632,1679771446672,664,675,715
1679771446684,1679771447360,1679771447371,1679771447409,676,687,725
1679771447418,1679771448101,1679771448113,1679771448160,683,695,742
1679771448169,1679771448833,1679771448845,1679771448892,664,676,723
1679771448901,1679771449567,1679771449579,1679771449706,666,678,805
1679771449712,1679771450340,1679771450354,1679771450403,628,642,691
1679771450414,1679771451133,1679771451146,1679771451189,719,732,775
1679771451203,1679771451906,1679771451917,1679771451964,703,714,761
1679771451972,1679771452640,1679771452652,1679771452689,668,680,717
1679771452701,1679771453378,1679771453389,1679771453427,677,688,726
1679771453435,1679771454107,1679771454120,1679771454159,672,685,724
1679771454169,1679771454847,1679771454860,1679771454905,678,691,736
1679771454915,1679771455582,1679771455594,1679771455631,667,679,716
1679771455641,1679771456325,1679771456337,1679771456380,684,696,739
1679771456391,1679771457061,1679771457073,1679771457115,670,682,724
1679771457125,1679771457806,1679771457816,1679771457856,681,691,731
1679771457864,1679771458548,1679771458562,1679771458598,684,698,734
1679771458612,1679771459294,1679771459305,1679771459344,682,693,732
1679771459354,1679771460026,1679771460038,1679771460079,672,684,725
1679771460089,1679771460768,1679771460779,1679771460822,679,690,733
1679771460831,1679771461505,1679771461517,1679771461556,674,686,725
1679771461565,1679771462233,1679771462245,1679771462281,668,680,716
1679771462292,1679771462963,1679771462974,1679771463013,671,682,721
1679771463023,1679771463699,1679771463710,1679771463838,676,687,815
1679771463845,1679771464471,1679771464482,1679771464530,626,637,685
1679771464543,1679771465251,1679771465263,1679771465309,708,720,766
1679771465321,1679771466011,1679771466023,1679771466063,690,702,742
1679771466074,1679771466747,1679771466759,1679771466801,673,685,727
1679771466811,1679771467486,1679771467497,1679771467538,675,686,727
1679771467548,1679771468218,1679771468229,1679771468267,670,681,719
1679771468276,1679771468957,1679771468970,1679771469011,681,694,735
1679771469022,1679771469698,1679771469711,1679771469749,676,689,727
1679771469757,1679771470436,1679771470447,1679771470491,679,690,734
1679771470501,1679771471178,1679771471190,1679771471232,677,689,731
1679771471241,1679771471915,1679771471927,1679771471965,674,686,724
1679771471976,1679771472644,1679771472656,1679771472694,668,680,718
1679771472707,1679771473379,1679771473391,1679771473433,672,684,726
1679771473442,1679771474113,1679771474125,1679771474164,671,683,722
1679771474177,1679771474852,1679771474864,1679771474904,675,687,727
1679771474915,1679771475591,1679771475603,1679771475640,676,688,725
1679771475647,1679771476323,1679771476335,1679771476376,676,688,729
1679771476385,1679771477069,1679771477081,1679771477121,684,696,736
1679771477132,1679771477813,1679771477825,1679771477864,681,693,732
1679771477873,1679771478546,1679771478559,1679771478600,673,686,727
1679771478611,1679771479286,1679771479296,1679771479337,675,685,726
1679771479348,1679771480010,1679771480023,1679771480061,662,675,713
1679771480070,1679771480744,1679771480754,1679771480792,674,684,722
1679771480804,1679771481481,1679771481493,1679771481534,677,689,730
1679771481548,1679771482223,1679771482235,1679771482275,675,687,727
1679771482287,1679771482963,1679771482976,1679771483018,676,689,731
1679771483028,1679771483697,1679771483709,1679771483748,669,681,720
1679771483760,1679771484441,1679771484453,1679771484494,681,693,734
1679771484505,1679771485174,1679771485185,1679771485224,669,680,719
1679771485234,1679771485909,1679771485920,1679771485964,675,686,730
1679771485971,1679771486642,1679771486654,1679771486692,671,683,721
1679771486704,1679771487381,1679771487392,1679771487434,677,688,730
1679771487444,1679771488119,1679771488131,1679771488171,675,687,727
1679771488184,1679771488865,1679771488876,1679771489002,681,692,818
1679771489008,1679771489634,1679771489647,1679771489688,626,639,680
1679771489698,1679771490411,1679771490422,1679771490464,713,724,766
1679771490474,1679771491152,1679771491163,1679771491202,678,689,728
1679771491211,1679771491889,1679771491901,1679771491940,678,690,729
1679771491950,1679771492626,1679771492639,1679771492678,676,689,728
1679771492688,1679771493356,1679771493368,1679771493410,668,680,722
1679771493421,1679771494095,1679771494108,1679771494149,674,687,728
1679771494160,1679771494839,1679771494850,1679771494897,679,690,737
1679771494905,1679771495571,1679771495583,1679771495626,666,678,721
1679771495638,1679771496309,1679771496320,1679771496360,671,682,722
1679771496373,1679771497048,1679771497061,1679771497100,675,688,727
1679771497111,1679771497786,1679771497798,1679771497838,675,687,727
1679771497847,1679771498522,1679771498533,1679771498574,675,686,727
1679771498585,1679771499260,1679771499272,1679771499310,675,687,725
1679771499322,1679771499994,1679771500005,1679771500046,672,683,724
1679771500057,1679771500729,1679771500740,1679771500781,672,683,724
1679771500792,1679771501474,1679771501485,1679771501528,682,693,736
1679771501539,1679771502217,1679771502229,1679771502274,678,690,735
1679771502282,1679771502953,1679771502964,1679771503010,671,682,728
1679771503019,1679771503700,1679771503712,1679771503840,681,693,821
1679771503847,1679771504479,1679771504491,1679771504540,632,644,693
1679771504555,1679771505271,1679771505284,1679771505331,716,729,776
1679771505342,1679771506108,1679771506118,1679771506158,766,776,816
1679771506171,1679771506852,1679771506864,1679771506904,681,693,733
1679771506912,1679771507592,1679771507604,1679771507644,680,692,732
1679771507656,1679771508331,1679771508344,1679771508384,675,688,728
1679771508393,1679771509067,1679771509079,1679771509120,674,686,727
1679771509131,1679771509803,1679771509815,1679771509855,672,684,724
1679771509866,1679771510538,1679771510550,1679771510592,672,684,726
1679771510604,1679771511276,1679771511288,1679771511330,672,684,726
1679771511340,1679771512016,1679771512029,1679771512073,676,689,733
1679771512084,1679771512757,1679771512769,1679771512816,673,685,732
1679771512825,1679771513495,1679771513507,1679771513544,670,682,719
1679771513557,1679771514228,1679771514240,1679771514280,671,683,723
1679771514290,1679771514974,1679771514985,1679771515028,684,695,738
1679771515038,1679771515721,1679771515734,1679771515779,683,696,741
1679771515789,1679771516465,1679771516477,1679771516516,676,688,727
1679771516527,1679771517205,1679771517217,1679771517256,678,690,729
1679771517265,1679771517941,1679771517951,1679771517994,676,686,729
1679771518003,1679771518681,1679771518694,1679771518732,678,691,729
1679771518745,1679771519418,1679771519431,1679771519472,673,686,727
1679771519482,1679771520166,1679771520176,1679771520213,684,694,731
1679771520223,1679771520904,1679771520915,1679771520956,681,692,733
1679771520968,1679771521634,1679771521645,1679771521686,666,677,718
1679771521696,1679771522380,1679771522393,1679771522434,684,697,738
1679771522445,1679771523122,1679771523133,1679771523175,677,688,730
1679771523188,1679771523860,1679771523873,1679771523912,672,685,724
1679771523923,1679771524600,1679771524611,1679771524650,677,688,727
1679771524660,1679771525350,1679771525363,1679771525404,690,703,744
1679771525415,1679771526092,1679771526104,1679771526146,677,689,731
1679771526155,1679771526839,1679771526850,1679771526890,684,695,735
1679771526900,1679771527566,1679771527578,1679771527622,666,678,722
1679771527632,1679771528311,1679771528324,1679771528363,679,692,731
1679771528374,1679771529055,1679771529066,1679771529106,681,692,732
1679771529119,1679771529793,1679771529805,1679771529846,674,686,727
1679771529856,1679771530534,1679771530545,1679771530588,678,689,732
1679771530598,1679771531287,1679771531300,1679771531340,689,702,742
1679771531350,1679771532025,1679771532037,1679771532081,675,687,731
1679771532092,1679771532755,1679771532767,1679771532804,663,675,712
1679771532815,1679771533482,1679771533493,1679771533533,667,678,718
1679771533542,1679771534222,1679771534234,1679771534279,680,692,737
1679771534291,1679771534966,1679771534978,1679771535027,675,687,736
1679771535035,1679771535712,1679771535725,1679771535767,677,690,732
1679771535777,1679771536449,1679771536463,1679771536502,672,686,725
1679771536512,1679771537184,1679771537195,1679771537238,672,683,726
1679771537249,1679771537916,1679771537928,1679771537970,667,679,721
1679771537980,1679771538658,1679771538672,1679771538712,678,692,732
1679771538724,1679771539399,1679771539411,1679771539454,675,687,730
1679771539463,1679771540142,1679771540154,1679771540195,679,691,732
1679771540203,1679771540873,1679771540886,1679771540927,670,683,724
1679771540936,1679771541608,1679771541620,1679771541666,672,684,730
1679771541677,1679771542359,1679771542371,1679771542499,682,694,822
1679771542506,1679771543115,1679771543126,1679771543163,609,620,657
1679771543173,1679771543848,1679771543860,1679771543901,675,687,728
1679771543912,1679771544583,1679771544595,1679771544636,671,683,724
1679771544644,1679771545328,1679771545341,1679771545382,684,697,738
1679771545394,1679771546064,1679771546077,1679771546114,670,683,720
1679771546124,1679771546799,1679771546811,1679771546849,675,687,725
1679771546858,1679771547537,1679771547547,1679771547590,679,689,732
1679771547602,1679771548275,1679771548288,1679771548330,673,686,728
1679771548339,1679771549022,1679771549034,1679771549073,683,695,734
1679771549085,1679771549756,1679771549768,1679771549809,671,683,724
1679771549820,1679771550500,1679771550513,1679771550558,680,693,738
1679771550568,1679771551243,1679771551254,1679771551298,675,686,730
1679771551308,1679771551981,1679771551990,1679771552031,673,682,723
1679771552041,1679771552719,1679771552731,1679771552772,678,690,731
1679771552783,1679771553456,1679771553467,1679771553506,673,684,723
1679771553516,1679771554190,1679771554201,1679771554240,674,685,724
1679771554253,1679771554921,1679771554933,1679771554975,668,680,722
1679771554987,1679771555662,1679771555674,1679771555717,675,687,730
1679771555727,1679771556400,1679771556413,1679771556452,673,686,725
1679771556461,1679771557131,1679771557144,1679771557180,670,683,719
1679771557192,1679771557865,1679771557876,1679771557917,673,684,725
1679771557925,1679771558603,1679771558615,1679771558657,678,690,732
1679771558668,1679771559341,1679771559354,1679771559394,673,686,726
1679771559405,1679771560081,1679771560092,1679771560132,676,687,727
1679771560142,1679771560819,1679771560829,1679771560875,677,687,733
1679771560884,1679771561554,1679771561564,1679771561606,670,680,722
1679771561617,1679771562289,1679771562300,1679771562344,672,683,727
1679771562352,1679771563024,1679771563036,1679771563076,672,684,724
1679771563086,1679771563761,1679771563773,1679771563899,675,687,813
1679771563906,1679771564512,1679771564523,1679771564566,606,617,660
1679771564575,1679771565247,1679771565260,1679771565305,672,685,730
1679771565315,1679771565990,1679771566002,1679771566129,675,687,814
1679771566136,1679771566745,1679771566755,1679771566799,609,619,663
1679771566808,1679771567482,1679771567494,1679771567536,674,686,728
1679771567545,1679771568220,1679771568231,1679771568269,675,686,724
1679771568280,1679771568947,1679771568959,1679771568997,667,679,717
1679771569007,1679771569688,1679771569699,1679771569744,681,692,737
1679771569755,1679771570430,1679771570443,1679771570484,675,688,729
1679771570495,1679771571165,1679771571177,1679771571216,670,682,721
1679771571228,1679771571910,1679771571921,1679771571961,682,693,733
1679771571973,1679771572653,1679771572665,1679771572708,680,692,735
1679771572718,1679771573391,1679771573402,1679771573442,673,684,724
1679771573454,1679771574127,1679771574140,1679771574181,673,686,727
1679771574191,1679771574864,1679771574874,1679771574915,673,683,724
1679771574924,1679771575598,1679771575609,1679771575648,674,685,724
1679771575659,1679771576333,1679771576344,1679771576386,674,685,727
1679771576396,1679771577067,1679771577078,1679771577118,671,682,722
1679771577125,1679771577800,1679771577812,1679771577849,675,687,724
1679771577860,1679771578540,1679771578552,1679771578604,680,692,744
1679771578612,1679771579292,1679771579304,1679771579342,680,692,730
1679771579353,1679771580018,1679771580030,1679771580069,665,677,716
1679771580080,1679771580760,1679771580771,1679771580811,680,691,731
1679771580821,1679771581497,1679771581508,1679771581555,676,687,734
1679771581565,1679771582241,1679771582252,1679771582293,676,687,728
1679771582305,1679771582988,1679771583000,1679771583041,683,695,736
1679771583049,1679771583724,1679771583736,1679771583778,675,687,729
1679771583792,1679771584469,1679771584479,1679771584521,677,687,729
1679771584534,1679771585208,1679771585222,1679771585267,674,688,733
1679771585277,1679771585954,1679771585967,1679771586006,677,690,729
1679771586016,1679771586694,1679771586706,1679771586747,678,690,731
1679771586755,1679771587426,1679771587439,1679771587479,671,684,724
1679771587489,1679771588159,1679771588171,1679771588215,670,682,726
1679771588225,1679771588897,1679771588908,1679771588951,672,683,726
1679771588961,1679771589632,1679771589644,1679771589683,671,683,722
1679771589692,1679771590371,1679771590382,1679771590422,679,690,730
1679771590432,1679771591112,1679771591124,1679771591167,680,692,735
1679771591177,1679771591862,1679771591874,1679771591911,685,697,734
1679771591924,1679771592588,1679771592601,1679771592638,664,677,714
1679771592648,1679771593326,1679771593337,1679771593380,678,689,732
1679771593390,1679771594064,1679771594076,1679771594120,674,686,730
1679771594133,1679771594807,1679771594819,1679771594858,674,686,725
1679771594867,1679771595541,1679771595553,1679771595589,674,686,722
1679771595602,1679771596275,1679771596287,1679771596324,673,685,722
1679771596333,1679771597013,1679771597024,1679771597065,680,691,732
1679771597076,1679771597746,1679771597757,1679771597794,670,681,718
1679771597803,1679771598478,1679771598491,1679771598530,675,688,727
1679771598541,1679771599214,1679771599225,1679771599264,673,684,723
1679771599275,1679771599958,1679771599969,1679771600012,683,694,737
1679771600023,1679771600700,1679771600711,1679771600750,677,688,727
1679771600761,1679771601447,1679771601457,1679771601495,686,696,734
1679771601505,1679771602185,1679771602196,1679771602241,680,691,736
1679771602252,1679771602923,1679771602935,1679771602973,671,683,721
1679771602983,1679771603655,1679771603666,1679771603709,672,683,726
1679771603719,1679771604390,1679771604401,1679771604440,671,682,721
1679771604451,1679771605122,1679771605133,1679771605171,671,682,720
1679771605182,1679771605851,1679771605861,1679771605899,669,679,717
1679771605909,1679771606589,1679771606600,1679771606646,680,691,737
1679771606658,1679771607328,1679771607340,1679771607380,670,682,722
1679771607390,1679771608064,1679771608075,1679771608120,674,685,730
1679771608129,1679771608797,1679771608808,1679771608849,668,679,720
1679771608860,1679771609524,1679771609536,1679771609574,664,676,714
1679771609584,1679771610259,1679771610270,1679771610313,675,686,729
1679771610323,1679771610999,1679771611011,1679771611047,676,688,724
1679771611057,1679771611738,1679771611749,1679771611790,681,692,733
1679771611801,1679771612473,1679771612486,1679771612528,672,685,727
1679771612538,1679771613219,1679771613231,1679771613271,681,693,733
1679771613281,1679771613947,1679771613958,1679771614002,666,677,721
1679771614014,1679771614683,1679771614694,1679771614740,669,680,726
1679771614748,1679771615422,1679771615433,1679771615473,674,685,725
1679771615484,1679771616159,1679771616170,1679771616211,675,686,727
1679771616223,1679771616889,1679771616900,1679771617029,666,677,806
1679771617036,1679771617666,1679771617676,1679771617719,630,640,683
1679771617734,1679771618454,1679771618468,1679771618512,720,734,778
1679771618524,1679771619231,1679771619241,1679771619289,707,717,765
1679771619302,1679771619973,1679771619985,1679771620032,671,683,730
1679771620042,1679771620709,1679771620720,1679771620762,667,678,720
1679771620771,1679771621448,1679771621460,1679771621498,677,689,727
1679771621509,1679771622199,1679771622211,1679771622254,690,702,745
1679771622267,1679771622962,1679771622974,1679771623016,695,707,749
1679771623026,1679771623698,1679771623710,1679771623748,672,684,722
1679771623758,1679771624434,1679771624446,1679771624485,676,688,727
1679771624495,1679771625173,1679771625184,1679771625223,678,689,728
1679771625235,1679771625917,1679771625928,1679771625969,682,693,734
1679771625981,1679771626648,1679771626659,1679771626706,667,678,725
1679771626719,1679771627383,1679771627395,1679771627435,664,676,716
1679771627447,1679771628122,1679771628134,1679771628177,675,687,730
1679771628188,1679771628864,1679771628876,1679771628916,676,688,728
1679771628927,1679771629601,1679771629612,1679771629656,674,685,729
1679771629665,1679771630335,1679771630347,1679771630386,670,682,721
1679771630396,1679771631074,1679771631086,1679771631129,678,690,733
1679771631140,1679771631817,1679771631828,1679771631870,677,688,730
1679771631880,1679771632548,1679771632559,1679771632596,668,679,716
1679771632607,1679771633297,1679771633309,1679771633349,690,702,742
1679771633359,1679771634042,1679771634054,1679771634098,683,695,739
1679771634110,1679771634791,1679771634803,1679771634839,681,693,729
1679771634850,1679771635529,1679771635540,1679771635585,679,690,735
1679771635595,1679771636266,1679771636276,1679771636319,671,681,724
1679771636328,1679771636998,1679771637009,1679771637053,670,681,725
1679771637062,1679771637743,1679771637754,1679771637798,681,692,736
1679771637808,1679771638477,1679771638489,1679771638532,669,681,724
1679771638544,1679771639215,1679771639226,1679771639264,671,682,720
1679771639275,1679771639959,1679771639971,1679771640010,684,696,735
1679771640025,1679771640710,1679771640721,1679771640763,685,696,738
1679771640774,1679771641450,1679771641461,1679771641504,676,687,730
1679771641516,1679771642191,1679771642203,1679771642242,675,687,726
1679771642253,1679771642927,1679771642937,1679771642978,674,684,725
1679771642991,1679771643677,1679771643689,1679771643729,686,698,738
1679771643739,1679771644416,1679771644428,1679771644470,677,689,731
1679771644480,1679771645154,1679771645166,1679771645213,674,686,733
1679771645225,1679771645893,1679771645905,1679771645945,668,680,720
1679771645957,1679771646635,1679771646646,1679771646691,678,689,734
1679771646700,1679771647373,1679771647384,1679771647423,673,684,723
1679771647439,1679771648123,1679771648134,1679771648264,684,695,825
1679771648270,1679771648875,1679771648886,1679771648924,605,616,654
1679771648934,1679771649608,1679771649620,1679771649660,674,686,726
1679771649668,1679771650347,1679771650359,1679771650398,679,691,730
1679771650407,1679771651082,1679771651094,1679771651134,675,687,727
1679771651144,1679771651818,1679771651830,1679771651870,674,686,726
1679771651880,1679771652558,1679771652569,1679771652614,678,689,734
1679771652628,1679771653305,1679771653316,1679771653358,677,688,730
1679771653369,1679771654042,1679771654054,1679771654097,673,685,728
1679771654108,1679771654783,1679771654793,1679771654837,675,685,729
1679771654846,1679771655518,1679771655531,1679771655573,672,685,727
1679771655584,1679771656264,1679771656275,1679771656316,680,691,732
1679771656330,1679771657006,1679771657018,1679771657061,676,688,731
1679771657071,1679771657744,1679771657755,1679771657796,673,684,725
1679771657805,1679771658478,1679771658490,1679771658531,673,685,726
1679771658543,1679771659221,1679771659233,1679771659278,678,690,735
1679771659290,1679771659955,1679771659967,1679771660005,665,677,715
1679771660014,1679771660694,1679771660706,1679771660743,680,692,729
1679771660753,1679771661432,1679771661442,1679771661487,679,689,734
1679771661501,1679771662178,1679771662190,1679771662235,677,689,734
1679771662245,1679771662924,1679771662935,1679771662973,679,690,728
1679771662983,1679771663658,1679771663670,1679771663710,675,687,727
1679771663720,1679771664394,1679771664406,1679771664446,674,686,726
1679771664457,1679771665139,1679771665151,1679771665190,682,694,733
1679771665201,1679771665866,1679771665878,1679771665922,665,677,721
1679771665935,1679771666615,1679771666627,1679771666665,680,692,730
1679771666676,1679771667352,1679771667364,1679771667404,676,688,728
1679771667418,1679771668089,1679771668101,1679771668140,671,683,722
1679771668148,1679771668827,1679771668839,1679771668878,679,691,730
1679771668889,1679771669571,1679771669582,1679771669620,682,693,731
1679771669629,1679771670308,1679771670318,1679771670360,679,689,731
1679771670370,1679771671052,1679771671063,1679771671100,682,693,730
1679771671111,1679771671787,1679771671798,1679771671837,676,687,726
1679771671850,1679771672530,1679771672541,1679771672583,680,691,733
1679771672594,1679771673277,1679771673288,1679771673329,683,694,735
1679771673338,1679771674015,1679771674026,1679771674155,677,688,817
1679771674162,1679771674791,1679771674803,1679771674849,629,641,687
1679771674859,1679771675556,1679771675567,1679771675609,697,708,750
1679771675620,1679771676294,1679771676306,1679771676349,674,686,729
1679771676358,1679771677023,1679771677034,1679771677072,665,676,714
1679771677083,1679771677762,1679771677773,1679771677814,679,690,731
1679771677825,1679771678499,1679771678510,1679771678551,674,685,726
1679771678563,1679771679218,1679771679229,1679771679269,655,666,706
1679771679279,1679771679949,1679771679959,1679771679998,670,680,719
1679771680007,1679771680689,1679771680700,1679771680737,682,693,730
1679771680747,1679771681428,1679771681440,1679771681479,681,693,732
1679771681489,1679771682168,1679771682180,1679771682218,679,691,729
1679771682232,1679771682910,1679771682920,1679771682960,678,688,728
1679771682972,1679771683648,1679771683660,1679771683709,676,688,737
1679771683716,1679771684390,1679771684401,1679771684439,674,685,723
1679771684451,1679771685131,1679771685143,1679771685182,680,692,731
1679771685192,1679771685877,1679771685889,1679771685933,685,697,741
1679771685943,1679771686616,1679771686627,1679771686667,673,684,724
1679771686679,1679771687359,1679771687370,1679771687413,680,691,734
1679771687424,1679771688109,1679771688120,1679771688160,685,696,736
1679771688172,1679771688842,1679771688854,1679771688894,670,682,722
1679771688904,1679771689576,1679771689587,1679771689632,672,683,728
1679771689641,1679771690324,1679771690336,1679771690380,683,695,739
1679771690388,1679771691056,1679771691067,1679771691195,668,679,807
1679771691202,1679771691807,1679771691819,1679771691858,605,617,656
1679771691870,1679771692542,1679771692554,1679771692596,672,684,726
1679771692607,1679771693285,1679771693296,1679771693424,678,689,817
1679771693431,1679771694040,1679771694050,1679771694092,609,619,661
1679771694103,1679771694786,1679771694797,1679771694847,683,694,744
1679771694856,1679771695534,1679771695546,1679771695588,678,690,732
1679771695599,1679771696273,1679771696284,1679771696323,674,685,724
1679771696334,1679771697013,1679771697025,1679771697068,679,691,734
1679771697081,1679771697756,1679771697767,1679771697807,675,686,726
1679771697817,1679771698493,1679771698506,1679771698545,676,689,728
1679771698557,1679771699234,1679771699246,1679771699288,677,689,731
1679771699298,1679771699971,1679771699982,1679771700030,673,684,732
1679771700041,1679771700714,1679771700725,1679771700773,673,684,732
1679771700784,1679771701455,1679771701465,1679771701506,671,681,722
1679771701520,1679771702185,1679771702197,1679771702239,665,677,719
1679771702251,1679771702934,1679771702946,1679771702984,683,695,733
1679771702996,1679771703676,1679771703688,1679771703732,680,692,736
1679771703745,1679771704418,1679771704429,1679771704468,673,684,723
1679771704477,1679771705146,1679771705157,1679771705197,669,680,720
1679771705209,1679771705884,1679771705895,1679771705937,675,686,728
1679771705948,1679771706620,1679771706632,1679771706675,672,684,727
1679771706686,1679771707355,1679771707367,1679771707410,669,681,724
1679771707420,1679771708094,1679771708105,1679771708148,674,685,728
1679771708158,1679771708828,1679771708840,1679771708878,670,682,720
1679771708889,1679771709567,1679771709579,1679771709616,678,690,727
1679771709625,1679771710312,1679771710322,1679771710360,687,697,735
1679771710370,1679771711050,1679771711063,1679771711103,680,693,733
1679771711113,1679771711794,1679771711805,1679771711851,681,692,738
1679771711859,1679771712535,1679771712546,1679771712675,676,687,816
1679771712682,1679771713287,1679771713298,1679771713340,605,616,658
1679771713350,1679771714019,1679771714030,1679771714073,669,680,723
1679771714085,1679771714751,1679771714763,1679771714800,666,678,715
1679771714810,1679771715496,1679771715508,1679771715550,686,698,740
1679771715560,1679771716236,1679771716249,1679771716289,676,689,729
1679771716299,1679771716965,1679771716978,1679771717019,666,679,720
1679771717029,1679771717702,1679771717714,1679771717755,673,685,726
1679771717767,1679771718443,1679771718455,1679771718491,676,688,724
1679771718501,1679771719189,1679771719201,1679771719248,688,700,747
1679771719257,1679771719929,1679771719941,1679771719981,672,684,724
1679771719990,1679771720668,1679771720680,1679771720809,678,690,819
1679771720816,1679771721423,1679771721433,1679771721472,607,617,656
1679771721480,1679771722170,1679771722181,1679771722219,690,701,739
1679771722233,1679771722911,1679771722922,1679771722961,678,689,728
1679771722973,1679771723652,1679771723663,1679771723702,679,690,729
1679771723716,1679771724393,1679771724405,1679771724447,677,689,731
1679771724457,1679771725130,1679771725141,1679771725184,673,684,727
1679771725194,1679771725869,1679771725880,1679771725920,675,686,726
1679771725933,1679771726603,1679771726615,1679771726655,670,682,722
1679771726666,1679771727342,1679771727354,1679771727397,676,688,731
1679771727408,1679771728081,1679771728092,1679771728132,673,684,724
1679771728143,1679771728822,1679771728834,1679771728882,679,691,739
1679771728892,1679771729551,1679771729562,1679771729602,659,670,710
1679771729616,1679771730294,1679771730305,1679771730346,678,689,730
1679771730356,1679771731026,1679771731038,1679771731080,670,682,724
1679771731088,1679771731768,1679771731780,1679771731819,680,692,731
1679771731829,1679771732505,1679771732514,1679771732552,676,685,723
1679771732562,1679771733232,1679771733242,1679771733283,670,680,721
1679771733294,1679771733977,1679771733989,1679771734030,683,695,736
1679771734041,1679771734714,1679771734725,1679771734767,673,684,726
1679771734780,1679771735448,1679771735460,1679771735501,668,680,721
1679771735513,1679771736184,1679771736196,1679771736237,671,683,724
1679771736251,1679771736928,1679771736940,1679771736981,677,689,730
1679771736992,1679771737671,1679771737682,1679771737724,679,690,732
1679771737736,1679771738409,1679771738421,1679771738464,673,685,728
1679771738475,1679771739148,1679771739160,1679771739205,673,685,730
1679771739214,1679771739887,1679771739899,1679771739939,673,685,725
1679771739951,1679771740631,1679771740641,1679771740682,680,690,731
1679771740692,1679771741367,1679771741378,1679771741417,675,686,725
1679771741427,1679771742106,1679771742116,1679771742158,679,689,731
1679771742170,1679771742850,1679771742863,1679771742902,680,693,732
1679771742913,1679771743590,1679771743603,1679771743644,677,690,731
1679771743653,1679771744332,1679771744344,1679771744389,679,691,736
1679771744397,1679771745078,1679771745089,1679771745126,681,692,729
1679771745136,1679771745821,1679771745833,1679771745876,685,697,740
1679771745887,1679771746561,1679771746574,1679771746619,674,687,732
1679771746627,1679771747294,1679771747305,1679771747347,667,678,720
1679771747357,1679771748025,1679771748037,1679771748074,668,680,717
1679771748085,1679771748763,1679771748775,1679771748820,678,690,735
1679771748831,1679771749504,1679771749516,1679771749555,673,685,724
1679771749564,1679771750235,1679771750248,1679771750288,671,684,724
1679771750299,1679771750977,1679771750989,1679771751025,678,690,726
1679771751033,1679771751714,1679771751725,1679771751765,681,692,732
1679771751773,1679771752460,1679771752471,1679771752513,687,698,740
1679771752525,1679771753200,1679771753211,1679771753250,675,686,725
1679771753260,1679771753952,1679771753964,1679771754008,692,704,748
1679771754019,1679771754737,1679771754749,1679771754788,718,730,769
1679771754796,1679771755475,1679771755486,1679771755523,679,690,727
1679771755536,1679771756219,1679771756231,1679771756272,683,695,736
1679771756283,1679771756958,1679771756970,1679771757010,675,687,727
1679771757019,1679771757695,1679771757705,1679771757743,676,686,724
1679771757753,1679771758431,1679771758442,1679771758571,678,689,818
1679771758577,1679771759184,1679771759195,1679771759235,607,618,658
1679771759244,1679771759919,1679771759930,1679771759969,675,686,725
1679771759982,1679771760670,1679771760682,1679771760720,688,700,738
1679771760728,1679771761408,1679771761419,1679771761458,680,691,730
1679771761467,1679771762142,1679771762155,1679771762198,675,688,731
1679771762209,1679771762877,1679771762889,1679771762933,668,680,724
1679771762944,1679771763626,1679771763638,1679771763679,682,694,735
1679771763690,1679771764364,1679771764374,1679771764417,674,684,727
1679771764429,1679771765107,1679771765118,1679771765156,678,689,727
1679771765166,1679771765859,1679771765870,1679771765908,693,704,742
1679771765917,1679771766588,1679771766599,1679771766642,671,682,725
1679771766651,1679771767326,1679771767339,1679771767378,675,688,727
1679771767388,1679771768061,1679771768073,1679771768117,673,685,729
1679771768127,1679771768801,1679771768812,1679771768850,674,685,723
1679771768862,1679771769534,1679771769545,1679771769589,672,683,727
1679771769600,1679771770275,1679771770286,1679771770414,675,686,814
1679771770420,1679771771024,1679771771034,1679771771078,604,614,658
1679771771089,1679771771758,1679771771769,1679771771811,669,680,722
1679771771821,1679771772492,1679771772503,1679771772539,671,682,718
1679771772549,1679771773229,1679771773240,1679771773282,680,691,733
1679771773292,1679771773970,1679771773981,1679771774020,678,689,728
1679771774030,1679771774708,1679771774721,1679771774767,678,691,737
1679771774778,1679771775466,1679771775478,1679771775525,688,700,747
1679771775534,1679771776224,1679771776236,1679771776280,690,702,746
1679771776289,1679771776964,1679771776975,1679771777016,675,686,727
1679771777027,1679771777703,1679771777714,1679771777764,676,687,737
1679771777772,1679771778442,1679771778454,1679771778489,670,682,717
1679771778500,1679771779175,1679771779186,1679771779231,675,686,731
1679771779240,1679771779923,1679771779936,1679771779974,683,696,734
1679771779988,1679771780665,1679771780675,1679771780719,677,687,731
1679771780730,1679771781407,1679771781418,1679771781456,677,688,726
1679771781466,1679771782148,1679771782159,1679771782197,682,693,731
1679771782207,1679771782883,1679771782893,1679771782932,676,686,725
1679771782943,1679771783618,1679771783629,1679771783669,675,686,726
1679771783682,1679771784357,1679771784368,1679771784407,675,686,725
1679771784419,1679771785091,1679771785102,1679771785145,672,683,726
1679771785153,1679771785827,1679771785838,1679771785877,674,685,724
1679771785890,1679771786572,1679771786584,1679771786630,682,694,740
1679771786641,1679771787313,1679771787324,1679771787368,672,683,727
1679771787377,1679771788056,1679771788066,1679771788105,679,689,728
1679771788116,1679771788786,1679771788797,1679771788845,670,681,729
1679771788856,1679771789528,1679771789539,1679771789582,672,683,726
1679771789591,1679771790269,1679771790280,1679771790321,678,689,730
1679771790333,1679771791005,1679771791017,1679771791057,672,684,724
1679771791066,1679771791743,1679771791754,1679771791801,677,688,735
1679771791811,1679771792478,1679771792489,1679771792528,667,678,717
1679771792540,1679771793216,1679771793228,1679771793266,676,688,726
1679771793278,1679771793950,1679771793962,1679771794001,672,684,723
1679771794014,1679771794692,1679771794704,1679771794741,678,690,727
1679771794754,1679771795431,1679771795443,1679771795485,677,689,731
1679771795494,1679771796168,1679771796180,1679771796219,674,686,725
1679771796231,1679771796908,1679771796919,1679771796963,677,688,732
1679771796971,1679771797645,1679771797656,1679771797698,674,685,727
1679771797709,1679771798385,1679771798396,1679771798436,676,687,727
1679771798447,1679771799127,1679771799138,1679771799181,680,691,734
1679771799191,1679771799866,1679771799878,1679771799919,675,687,728
1679771799934,1679771800614,1679771800626,1679771800670,680,692,736
1679771800684,1679771801363,1679771801375,1679771801414,679,691,730
1679771801425,1679771802096,1679771802108,1679771802146,671,683,721
1679771802160,1679771802855,1679771802867,1679771802915,695,707,755
1679771802924,1679771803609,1679771803619,1679771803670,685,695,746
1679771803680,1679771804348,1679771804360,1679771804398,668,680,718
1679771804409,1679771805089,1679771805102,1679771805147,680,693,738
1679771805154,1679771805831,1679771805842,1679771805971,677,688,817
1679771805977,1679771806583,1679771806594,1679771806629,606,617,652
1679771806638,1679771807325,1679771807337,1679771807375,687,699,737
1679771807385,1679771808048,1679771808060,1679771808100,663,675,715
1679771808112,1679771808789,1679771808801,1679771808846,677,689,734
1679771808858,1679771809529,1679771809541,1679771809584,671,683,726
1679771809594,1679771810272,1679771810283,1679771810323,678,689,729
1679771810333,1679771811010,1679771811020,1679771811056,677,687,723
1679771811066,1679771811738,1679771811750,1679771811788,672,684,722
1679771811803,1679771812479,1679771812489,1679771812532,676,686,729
1679771812544,1679771813209,1679771813222,1679771813260,665,678,716
1679771813272,1679771813948,1679771813960,1679771814000,676,688,728
1679771814009,1679771814689,1679771814701,1679771814748,680,692,739
1679771814762,1679771815443,1679771815454,1679771815492,681,692,730
1679771815502,1679771816185,1679771816197,1679771816241,683,695,739
1679771816252,1679771816929,1679771816940,1679771816985,677,688,733
1679771816996,1679771817679,1679771817690,1679771817731,683,694,735
1679771817742,1679771818413,1679771818425,1679771818468,671,683,726
1679771818480,1679771819153,1679771819165,1679771819206,673,685,726
1679771819218,1679771819894,1679771819906,1679771819945,676,688,727
1679771819957,1679771820652,1679771820664,1679771820710,695,707,753
1679771820718,1679771821392,1679771821404,1679771821446,674,686,728
1679771821459,1679771822125,1679771822137,1679771822174,666,678,715
1679771822185,1679771822871,1679771822882,1679771822928,686,697,743
1679771822941,1679771823608,1679771823619,1679771823660,667,678,719
1679771823672,1679771824347,1679771824358,1679771824397,675,686,725
1679771824409,1679771825092,1679771825103,1679771825232,683,694,823
1679771825238,1679771825856,1679771825867,1679771825906,618,629,668
1679771825917,1679771826593,1679771826605,1679771826643,676,688,726
1679771826654,1679771827326,1679771827338,1679771827380,672,684,726
1679771827391,1679771828067,1679771828079,1679771828117,676,688,726
1679771828128,1679771828810,1679771828821,1679771828859,682,693,731
1679771828870,1679771829547,1679771829557,1679771829595,677,687,725
1679771829607,1679771830282,1679771830293,1679771830335,675,686,728
1679771830345,1679771831024,1679771831036,1679771831079,679,691,734
1679771831089,1679771831767,1679771831777,1679771831817,678,688,728
1679771831827,1679771832501,1679771832513,1679771832556,674,686,729
1679771832568,1679771833236,1679771833246,1679771833288,668,678,720
1679771833299,1679771833969,1679771833981,1679771834018,670,682,719
1679771834030,1679771834699,1679771834709,1679771834748,669,679,718
1679771834758,1679771835441,1679771835452,1679771835490,683,694,732
1679771835500,1679771836174,1679771836186,1679771836230,674,686,730
1679771836238,1679771836911,1679771836921,1679771836969,673,683,731
1679771836981,1679771837654,1679771837665,1679771837708,673,684,727
1679771837717,1679771838393,1679771838406,1679771838446,676,689,729
1679771838456,1679771839134,1679771839146,1679771839186,678,690,730
1679771839201,1679771839880,1679771839892,1679771839933,679,691,732
1679771839945,1679771840620,1679771840630,1679771840670,675,685,725
1679771840680,1679771841350,1679771841362,1679771841404,670,682,724
1679771841415,1679771842093,1679771842104,1679771842140,678,689,725
1679771842150,1679771842827,1679771842839,1679771842880,677,689,730
1679771842890,1679771843563,1679771843574,1679771843615,673,684,725
1679771843624,1679771844300,1679771844310,1679771844348,676,686,724
1679771844363,1679771845041,1679771845053,1679771845182,678,690,819
1679771845189,1679771845789,1679771845801,1679771845839,600,612,650
1679771845849,1679771846526,1679771846537,1679771846583,677,688,734
1679771846594,1679771847269,1679771847282,1679771847323,675,688,729
1679771847334,1679771848010,1679771848020,1679771848061,676,686,727
1679771848070,1679771848754,1679771848765,1679771848804,684,695,734
1679771848815,1679771849491,1679771849502,1679771849546,676,687,731
1679771849557,1679771850230,1679771850241,1679771850281,673,684,724
1679771850293,1679771850968,1679771850980,1679771851021,675,687,728
1679771851031,1679771851715,1679771851727,1679771851774,684,696,743
1679771851785,1679771852453,1679771852464,1679771852503,668,679,718
1679771852515,1679771853196,1679771853206,1679771853247,681,691,732
1679771853257,1679771853941,1679771853953,1679771853998,684,696,741
1679771854008,1679771854677,1679771854688,1679771854731,669,680,723
1679771854740,1679771855420,1679771855431,1679771855479,680,691,739
1679771855485,1679771856155,1679771856166,1679771856206,670,681,721
1679771856217,1679771856895,1679771856907,1679771856946,678,690,729
1679771856956,1679771857635,1679771857646,1679771857683,679,690,727
1679771857696,1679771858373,1679771858385,1679771858426,677,689,730
1679771858438,1679771859118,1679771859130,1679771859172,680,692,734
1679771859181,1679771859847,1679771859858,1679771859899,666,677,718
1679771859911,1679771860586,1679771860597,1679771860642,675,686,731
1679771860655,1679771861327,1679771861339,1679771861379,672,684,724
1679771861391,1679771862068,1679771862080,1679771862117,677,689,726
1679771862129,1679771862807,1679771862818,1679771862855,678,689,726
1679771862868,1679771863542,1679771863553,1679771863593,674,685,725
1679771863606,1679771864283,1679771864294,1679771864333,677,688,727
1679771864344,1679771865032,1679771865042,1679771865082,688,698,738
1679771865093,1679771865773,1679771865784,1679771865823,680,691,730
1679771865837,1679771866507,1679771866518,1679771866563,670,681,726
1679771866572,1679771867250,1679771867261,1679771867309,678,689,737
1679771867317,1679771867969,1679771867979,1679771868021,652,662,704
1679771868032,1679771868710,1679771868722,1679771868763,678,690,731
1679771868774,1679771869449,1679771869461,1679771869499,675,687,725
1679771869508,1679771870184,1679771870196,1679771870235,676,688,727
1679771870246,1679771870918,1679771870930,1679771870969,672,684,723
1679771870982,1679771871663,1679771871675,1679771871711,681,693,729
1679771871723,1679771872409,1679771872421,1679771872460,686,698,737
1679771872470,1679771873142,1679771873153,1679771873195,672,683,725
1679771873206,1679771873878,1679771873889,1679771873941,672,683,735
1679771873949,1679771874619,1679771874631,1679771874673,670,682,724
1679771874681,1679771875353,1679771875365,1679771875403,672,684,722
1679771875412,1679771876088,1679771876098,1679771876138,676,686,726
1679771876150,1679771876830,1679771876842,1679771876888,680,692,738
1679771876900,1679771877565,1679771877576,1679771877614,665,676,714
1679771877622,1679771878304,1679771878315,1679771878355,682,693,733
1679771878367,1679771879038,1679771879050,1679771879088,671,683,721
1679771879102,1679771879783,1679771879793,1679771879831,681,691,729
1679771879841,1679771880517,1679771880528,1679771880567,676,687,726
1679771880576,1679771881244,1679771881255,1679771881300,668,679,724
1679771881310,1679771881983,1679771881993,1679771882030,673,683,720
1679771882045,1679771882718,1679771882730,1679771882772,673,685,727
1679771882783,1679771883457,1679771883469,1679771883506,674,686,723
1679771883516,1679771884197,1679771884206,1679771884246,681,690,730
1679771884257,1679771884939,1679771884949,1679771884985,682,692,728
1679771885000,1679771885671,1679771885683,1679771885722,671,683,722
1679771885730,1679771886421,1679771886433,1679771886472,691,703,742
1679771886485,1679771887161,1679771887173,1679771887213,676,688,728
1679771887226,1679771887908,1679771887920,1679771887959,682,694,733
1679771887969,1679771888638,1679771888649,1679771888689,669,680,720
1679771888702,1679771889383,1679771889395,1679771889437,681,693,735
1679771889448,1679771890116,1679771890127,1679771890172,668,679,724
1679771890184,1679771890855,1679771890867,1679771890903,671,683,719
1679771890916,1679771891599,1679771891610,1679771891648,683,694,732
1679771891660,1679771892331,1679771892343,1679771892381,671,683,721
1679771892395,1679771893064,1679771893076,1679771893121,669,681,726
1679771893132,1679771893813,1679771893824,1679771893867,681,692,735
1679771893879,1679771894556,1679771894568,1679771894613,677,689,734
1679771894623,1679771895292,1679771895304,1679771895345,669,681,722
1679771895356,1679771896037,1679771896049,1679771896092,681,693,736
1679771896102,1679771896767,1679771896779,1679771896819,665,677,717
1679771896829,1679771897503,1679771897515,1679771897560,674,686,731
1679771897569,1679771898248,1679771898260,1679771898304,679,691,735
1679771898315,1679771898986,1679771898999,1679771899038,671,684,723
1679771899050,1679771899726,1679771899738,1679771899783,676,688,733
1679771899793,1679771900471,1679771900483,1679771900526,678,690,733
1679771900540,1679771901207,1679771901219,1679771901258,667,679,718
1679771901272,1679771901945,1679771901956,1679771901993,673,684,721
1679771902001,1679771902678,1679771902689,1679771902728,677,688,727
1679771902739,1679771903416,1679771903428,1679771903473,677,689,734
1679771903482,1679771904162,1679771904173,1679771904213,680,691,731
1679771904226,1679771904899,1679771904911,1679771904953,673,685,727
1679771904963,1679771905640,1679771905651,1679771905691,677,688,728
1679771905704,1679771906380,1679771906392,1679771906430,676,688,726
1679771906441,1679771907116,1679771907127,1679771907169,675,686,728
1679771907179,1679771907855,1679771907868,1679771907909,676,689,730
1679771907921,1679771908604,1679771908615,1679771908659,683,694,738
1679771908673,1679771909350,1679771909362,1679771909403,677,689,730
1679771909413,1679771910085,1679771910096,1679771910134,672,683,721
1679771910144,1679771910825,1679771910838,1679771910875,681,694,731
1679771910885,1679771911557,1679771911569,1679771911610,672,684,725
1679771911620,1679771912295,1679771912306,1679771912351,675,686,731
1679771912360,1679771913032,1679771913043,1679771913172,672,683,812
1679771913179,1679771913784,1679771913795,1679771913836,605,616,657
1679771913847,1679771914528,1679771914541,1679771914580,681,694,733
1679771914590,1679771915263,1679771915274,1679771915312,673,684,722
1679771915329,1679771916015,1679771916026,1679771916069,686,697,740
1679771916082,1679771916749,1679771916759,1679771916797,667,677,715
1679771916807,1679771917493,1679771917505,1679771917546,686,698,739
1679771917558,1679771918228,1679771918240,1679771918281,670,682,723
1679771918293,1679771918959,1679771918970,1679771919013,666,677,720
1679771919023,1679771919698,1679771919710,1679771919753,675,687,730
1679771919764,1679771920429,1679771920441,1679771920488,665,677,724
1679771920497,1679771921180,1679771921192,1679771921231,683,695,734
1679771921243,1679771921918,1679771921930,1679771921970,675,687,727
1679771921981,1679771922648,1679771922660,1679771922699,667,679,718
1679771922712,1679771923400,1679771923410,1679771923448,688,698,736
1679771923460,1679771924134,1679771924146,1679771924184,674,686,724
1679771924193,1679771924910,1679771924922,1679771924963,717,729,770
1679771924973,1679771925658,1679771925669,1679771925713,685,696,740
1679771925723,1679771926378,1679771926390,1679771926429,655,667,706
1679771926440,1679771927117,1679771927128,1679771927168,677,688,728
1679771927181,1679771927851,1679771927863,1679771927903,670,682,722
1679771927915,1679771928597,1679771928608,1679771928644,682,693,729
1679771928656,1679771929324,1679771929336,1679771929379,668,680,723
1679771929388,1679771930064,1679771930076,1679771930112,676,688,724
1679771930124,1679771930806,1679771930817,1679771930869,682,693,745
1679771930878,1679771931550,1679771931562,1679771931598,672,684,720
1679771931611,1679771932291,1679771932303,1679771932338,680,692,727
1679771932352,1679771933027,1679771933039,1679771933080,675,687,728
1679771933091,1679771933762,1679771933773,1679771933811,671,682,720
1679771933825,1679771934486,1679771934498,1679771934538,661,673,713
1679771934554,1679771935230,1679771935240,1679771935284,676,686,730
1679771935296,1679771935966,1679771935977,1679771936019,670,681,723
1679771936029,1679771936702,1679771936714,1679771936754,673,685,725
1679771936766,1679771937442,1679771937453,1679771937582,676,687,816
1679771937589,1679771938191,1679771938204,1679771938241,602,615,652
1679771938249,1679771938936,1679771938948,1679771938997,687,699,748
1679771939006,1679771939680,1679771939691,1679771939733,674,685,727
1679771939744,1679771940415,1679771940426,1679771940465,671,682,721
1679771940475,1679771941154,1679771941167,1679771941205,679,692,730
1679771941214,1679771941883,1679771941896,1679771941936,669,682,722
1679771941948,1679771942620,1679771942631,1679771942759,672,683,811
1679771942765,1679771943363,1679771943375,1679771943413,598,610,648
1679771943421,1679771944090,1679771944102,1679771944142,669,681,721
1679771944151,1679771944833,1679771944845,1679771944890,682,694,739
1679771944899,1679771945569,1679771945580,1679771945618,670,681,719
1679771945629,1679771946299,1679771946312,1679771946352,670,683,723
1679771946364,1679771947036,1679771947046,1679771947089,672,682,725
1679771947099,1679771947767,1679771947779,1679771947816,668,680,717
1679771947823,1679771948496,1679771948508,1679771948549,673,685,726
1679771948560,1679771949228,1679771949240,1679771949279,668,680,719
1679771949291,1679771949957,1679771949969,1679771950013,666,678,722
1679771950024,1679771950708,1679771950719,1679771950759,684,695,735
1679771950771,1679771951450,1679771951463,1679771951502,679,692,731
1679771951513,1679771952182,1679771952193,1679771952239,669,680,726
1679771952249,1679771952913,1679771952923,1679771952965,664,674,716
1679771952974,1679771953643,1679771953653,1679771953697,669,679,723
1679771953706,1679771954380,1679771954391,1679771954434,674,685,728
1679771954446,1679771955118,1679771955130,1679771955172,672,684,726
1679771955184,1679771955853,1679771955864,1679771955906,669,680,722
1679771955915,1679771956595,1679771956607,1679771956645,680,692,730
1679771956657,1679771957329,1679771957341,1679771957384,672,684,727
1679771957393,1679771958075,1679771958087,1679771958128,682,694,735
1679771958140,1679771958813,1679771958825,1679771958865,673,685,725
1679771958877,1679771959549,1679771959560,1679771959598,672,683,721
1679771959609,1679771960279,1679771960290,1679771960332,670,681,723
1679771960344,1679771961017,1679771961028,1679771961067,673,684,723
1679771961080,1679771961748,1679771961759,1679771961801,668,679,721
1679771961814,1679771962484,1679771962496,1679771962535,670,682,721
1679771962547,1679771963216,1679771963228,1679771963270,669,681,723
1679771963282,1679771963950,1679771963963,1679771964001,668,681,719
1679771964015,1679771964689,1679771964701,1679771964741,674,686,726
1679771964750,1679771965426,1679771965438,1679771965482,676,688,732
1679771965492,1679771966163,1679771966173,1679771966213,671,681,721
1679771966223,1679771966895,1679771966905,1679771966944,672,682,721
1679771966956,1679771967620,1679771967632,1679771967670,664,676,714
1679771967679,1679771968348,1679771968360,1679771968399,669,681,720
1679771968410,1679771969087,1679771969098,1679771969136,677,688,726
1679771969146,1679771969820,1679771969832,1679771969876,674,686,730
1679771969886,1679771970554,1679771970566,1679771970610,668,680,724
1679771970619,1679771971282,1679771971293,1679771971421,663,674,802
1679771971428,1679771972054,1679771972068,1679771972113,626,640,685
1679771972124,1679771972840,1679771972853,1679771972900,716,729,776
1679771972913,1679771973580,1679771973592,1679771973629,667,679,716
1679771973640,1679771974288,1679771974300,1679771974341,648,660,701
1679771974353,1679771975003,1679771975013,1679771975053,650,660,700
1679771975063,1679771975720,1679771975731,1679771975773,657,668,710
1679771975787,1679771976434,1679771976445,1679771976481,647,658,694
1679771976494,1679771977145,1679771977157,1679771977200,651,663,706
1679771977209,1679771977859,1679771977871,1679771977909,650,662,700
1679771977919,1679771978569,1679771978580,1679771978619,650,661,700
1679771978630,1679771979268,1679771979279,1679771979316,638,649,686
1679771979326,1679771979982,1679771979993,1679771980037,656,667,711
1679771980047,1679771980695,1679771980705,1679771980742,648,658,695
1679771980751,1679771981408,1679771981419,1679771981452,657,668,701
1679771981463,1679771982117,1679771982129,1679771982166,654,666,703
1679771982178,1679771982830,1679771982841,1679771982881,652,663,703
1679771982893,1679771983536,1679771983547,1679771983587,643,654,694
1679771983596,1679771984251,1679771984262,1679771984299,655,666,703
1679771984307,1679771984958,1679771984968,1679771985007,651,661,700
1679771985020,1679771985673,1679771985685,1679771985724,653,665,704
1679771985735,1679771986389,1679771986400,1679771986445,654,665,710
1679771986452,1679771987105,1679771987116,1679771987160,653,664,708
1679771987172,1679771987813,1679771987824,1679771987863,641,652,691
1679771987875,1679771988520,1679771988532,1679771988569,645,657,694
1679771988579,1679771989230,1679771989241,1679771989281,651,662,702
1679771989291,1679771989938,1679771989950,1679771989993,647,659,702
1679771990002,1679771990651,1679771990662,1679771990702,649,660,700
1679771990714,1679771991371,1679771991381,1679771991421,657,667,707
1679771991432,1679771992080,1679771992091,1679771992129,648,659,697
1679771992136,1679771992793,1679771992805,1679771992843,657,669,707
1679771992854,1679771993509,1679771993521,1679771993562,655,667,708
1679771993573,1679771994222,1679771994233,1679771994268,649,660,695
1679771994278,1679771994929,1679771994940,1679771994991,651,662,713
1679771994999,1679771995639,1679771995650,1679771995686,640,651,687
1679771995696,1679771996356,1679771996368,1679771996406,660,672,710
1679771996419,1679771997069,1679771997080,1679771997116,650,661,697
1679771997126,1679771997774,1679771997786,1679771997824,648,660,698
1679771997831,1679771998483,1679771998495,1679771998536,652,664,705
1679771998545,1679771999188,1679771999200,1679771999238,643,655,693
1679771999250,1679771999908,1679771999918,1679771999957,658,668,707
1679771999966,1679772000621,1679772000633,1679772000673,655,667,707
1679772000680,1679772001359,1679772001370,1679772001408,679,690,728
1679772001420,1679772002069,1679772002080,1679772002118,649,660,698
1679772002128,1679772002774,1679772002785,1679772002827,646,657,699
1679772002839,1679772003481,1679772003492,1679772003532,642,653,693
1679772003543,1679772004194,1679772004206,1679772004244,651,663,701
1679772004257,1679772004918,1679772004929,1679772004971,661,672,714
1679772004980,1679772005626,1679772005638,1679772005676,646,658,696
1679772005688,1679772006336,1679772006348,1679772006387,648,660,699
1679772006399,1679772007047,1679772007059,1679772007099,648,660,700
1679772007110,1679772007754,1679772007766,1679772007802,644,656,692
1679772007812,1679772008463,1679772008475,1679772008513,651,663,701
1679772008524,1679772009174,1679772009186,1679772009225,650,662,701
1679772009237,1679772009891,1679772009901,1679772009944,654,664,707
1679772009953,1679772010606,1679772010618,1679772010659,653,665,706
1679772010671,1679772011324,1679772011335,1679772011379,653,664,708
1679772011390,1679772012047,1679772012059,1679772012098,657,669,708
1679772012109,1679772012757,1679772012769,1679772012806,648,660,697
1679772012814,1679772013466,1679772013477,1679772013521,652,663,707
1679772013531,1679772014184,1679772014196,1679772014235,653,665,704
1679772014247,1679772014890,1679772014901,1679772014940,643,654,693
1679772014950,1679772015601,1679772015611,1679772015654,651,661,704
1679772015665,1679772016314,1679772016325,1679772016366,649,660,701
1679772016377,1679772017030,1679772017040,1679772017081,653,663,704
1679772017095,1679772017739,1679772017751,1679772017788,644,656,693
1679772017799,1679772018448,1679772018460,1679772018495,649,661,696
1679772018507,1679772019166,1679772019177,1679772019221,659,670,714
1679772019231,1679772019876,1679772019887,1679772019924,645,656,693
1679772019937,1679772020587,1679772020599,1679772020641,650,662,704
1679772020653,1679772021301,1679772021312,1679772021350,648,659,697
1679772021359,1679772022008,1679772022019,1679772022058,649,660,699
1679772022067,1679772022716,1679772022727,1679772022766,649,660,699
1679772022775,1679772023419,1679772023431,1679772023468,644,656,693
1679772023475,1679772024138,1679772024147,1679772024277,663,672,802
1679772024285,1679772024872,1679772024883,1679772024925,587,598,640
1679772024937,1679772025588,1679772025600,1679772025638,651,663,701
1679772025650,1679772026299,1679772026311,1679772026349,649,661,699
1679772026361,1679772027017,1679772027029,1679772027067,656,668,706
1679772027079,1679772027724,1679772027735,1679772027773,645,656,694
1679772027783,1679772028432,1679772028444,1679772028483,649,661,700
1679772028493,1679772029148,1679772029159,1679772029200,655,666,707
1679772029210,1679772029862,1679772029875,1679772029912,652,665,702
1679772029921,1679772030578,1679772030589,1679772030626,657,668,705
1679772030635,1679772031294,1679772031305,1679772031344,659,670,709
1679772031356,1679772032012,1679772032023,1679772032060,656,667,704
1679772032071,1679772032718,1679772032729,1679772032767,647,658,696
1679772032777,1679772033428,1679772033439,1679772033485,651,662,708
1679772033495,1679772034142,1679772034152,1679772034188,647,657,693
1679772034199,1679772034847,1679772034858,1679772034899,648,659,700
1679772034908,1679772035550,1679772035560,1679772035602,642,652,694
1679772035612,1679772036266,1679772036276,1679772036405,654,664,793
1679772036411,1679772037027,1679772037038,1679772037079,616,627,668
1679772037090,1679772037782,1679772037795,1679772037842,692,705,752
1679772037856,1679772038535,1679772038546,1679772038674,679,690,818
1679772038682,1679772039272,1679772039282,1679772039317,590,600,635
1679772039327,1679772039983,1679772039995,1679772040039,656,668,712
1679772040051,1679772040693,1679772040705,1679772040754,642,654,703
1679772040762,1679772041404,1679772041414,1679772041453,642,652,691
1679772041467,1679772042113,1679772042125,1679772042162,646,658,695
1679772042173,1679772042826,1679772042837,1679772042877,653,664,704
1679772042885,1679772043518,1679772043529,1679772043565,633,644,680
1679772043576,1679772044223,1679772044235,1679772044281,647,659,705
1679772044291,1679772044946,1679772044957,1679772044993,655,666,702
1679772045002,1679772045650,1679772045661,1679772045703,648,659,701
1679772045715,1679772046371,1679772046383,1679772046419,656,668,704
1679772046430,1679772047078,1679772047090,1679772047130,648,660,700
1679772047140,1679772047794,1679772047804,1679772047839,654,664,699
1679772047849,1679772048507,1679772048518,1679772048556,658,669,707
1679772048568,1679772049214,1679772049226,1679772049267,646,658,699
1679772049279,1679772049931,1679772049942,1679772049981,652,663,702
1679772049992,1679772050648,1679772050659,1679772050698,656,667,706
1679772050709,1679772051357,1679772051369,1679772051409,648,660,700
1679772051418,1679772052068,1679772052079,1679772052121,650,661,703
1679772052132,1679772052796,1679772052807,1679772052848,664,675,716
1679772052858,1679772053500,1679772053511,1679772053552,642,653,694
1679772053563,1679773044314,1679773044332,1679773044397,990751,990769,990834
1679773044410,1679773045228,1679773045245,1679773045291,818,835,881
1679773045302,1679773046030,1679773046043,1679773046084,728,741,782
1679773046099,1679773046781,1679773046792,1679773046836,682,693,737
